GPSTIMESTAMP,BUSID,LINE,LATITUDE,LONGITUDE,VELOCITY,ID,SWVERSION,ELEVATION
2023-02-21 00:00:12,A50021,603,-22.92924,-43.25371,0.0,781,2.0.14,33
2023-02-21 00:30:12,A50021,603,-22.92926,-43.25373,0.0,105055,2.0.14,33
2023-02-21 01:00:12,A50021,603,-22.92926,-43.25373,0.0,205597,2.0.14,33
2023-02-21 01:30:12,A50021,603,-22.92926,-43.25373,0.0,302352,2.0.14,33
2023-02-21 02:00:12,A50021,603,-22.92926,-43.25373,0.0,395603,2.0.14,33
2023-02-21 02:30:12,A50021,603,-22.92926,-43.25373,0.0,489030,2.0.14,33
2023-02-21 02:38:52,A50165,603,-22.92901,-43.2538,0.0,515914,2.0.14,33
2023-02-21 03:00:12,A50021,603,-22.92926,-43.25373,0.0,582321,2.0.14,33
2023-02-21 03:08:52,A50165,603,-22.92901,-43.25377,0.0,609237,2.0.14,33
2023-02-21 03:30:12,A50021,603,-22.92926,-43.25373,0.0,676600,2.0.14,33
2023-02-21 03:38:52,A50165,603,-22.92899,-43.25382,0.0,704364,2.0.14,33
2023-02-21 04:00:12,A50021,603,-22.92925,-43.25366,0.0,773979,2.0.14,33
2023-02-21 04:08:52,A50165,603,-22.92899,-43.25383,0.0,802761,2.0.14,33
2023-02-21 04:30:12,A50021,603,-22.92925,-43.25366,0.0,876843,2.0.14,33
2023-02-21 05:00:12,A50021,603,-22.92925,-43.25366,0.0,989543,2.0.14,33
2023-02-21 05:30:12,A50021,603,-22.92923,-43.2537,0.0,1113651,2.0.14,33
2023-02-21 06:00:12,A50021,603,-22.92921,-43.25375,0.0,1247301,2.0.14,33
2023-02-21 06:30:12,A50021,603,-22.92921,-43.25375,0.0,1389114,2.0.14,33
2023-02-21 07:00:12,A50021,603,-22.92918,-43.25374,0.0,1534816,2.0.14,33
2023-02-21 07:30:12,A50021,603,-22.92912,-43.25372,0.0,1683197,2.0.14,33
2023-02-21 08:00:12,A50021,603,-22.92919,-43.25375,0.0,1831785,2.0.14,33
2023-02-21 08:30:12,A50021,603,-22.92919,-43.25376,0.0,1981835,2.0.14,32
2023-02-21 08:47:28,A50021,603,-22.92919,-43.25376,0.0,2069532,2.0.14,32
2023-02-21 08:47:58,A50021,603,-22.92919,-43.25376,0.0,2072006,2.0.14,32
2023-02-21 08:48:28,A50021,603,-22.92919,-43.25376,0.0,2074487,2.0.14,32
2023-02-21 08:48:58,A50021,603,-22.92919,-43.25376,0.0,2077041,2.0.14,32
2023-02-21 08:49:28,A50021,603,-22.92919,-43.25376,0.0,2079549,2.0.14,32
2023-02-21 08:49:58,A50021,603,-22.92919,-43.25376,0.0,2082115,2.0.14,32
2023-02-21 08:50:28,A50021,603,-22.92919,-43.25376,0.0,2084610,2.0.14,32
2023-02-21 08:50:58,A50021,603,-22.92919,-43.25376,0.0,2087201,2.0.14,32
2023-02-21 08:51:28,A50021,603,-22.92919,-43.25376,0.0,2089761,2.0.14,32
2023-02-21 08:51:58,A50021,603,-22.92919,-43.25376,0.0,2092339,2.0.14,32
2023-02-21 08:52:28,A50021,603,-22.92919,-43.25376,0.0,2094914,2.0.14,32
2023-02-21 08:52:58,A50021,603,-22.92919,-43.25376,0.0,2097451,2.0.14,32
2023-02-21 08:53:28,A50021,603,-22.9297,-43.25354,1.6666666666666665,2099939,2.0.14,33
2023-02-21 08:53:58,A50021,603,-22.92972,-43.25351,0.0,2102488,2.0.14,33
2023-02-21 08:54:28,A50021,603,-22.92972,-43.25351,0.0,2105038,2.0.14,33
2023-02-21 08:54:58,A50021,603,-22.92972,-43.25351,0.0,2107590,2.0.14,33
2023-02-21 08:55:28,A50021,603,-22.92972,-43.25351,0.0,2110122,2.0.14,33
2023-02-21 08:55:58,A50021,603,-22.92972,-43.25351,0.0,2112592,2.0.14,33
2023-02-21 08:56:28,A50021,603,-22.92972,-43.25351,0.0,2115194,2.0.14,33
2023-02-21 08:56:58,A50021,603,-22.92972,-43.25351,0.0,2117733,2.0.14,33
2023-02-21 08:57:28,A50021,603,-22.92972,-43.25351,0.0,2120238,2.0.14,33
2023-02-21 08:57:58,A50021,603,-22.92964,-43.25328,3.611111111111111,2122823,2.0.14,33
2023-02-21 08:58:28,A50021,603,-22.92809,-43.25201,7.777777777777778,2125348,2.0.14,32
2023-02-21 08:58:58,A50021,603,-22.92745,-43.25163,0.0,2127912,2.0.14,34
2023-02-21 08:59:28,A50021,603,-22.92645,-43.25097,7.777777777777778,2130424,2.0.14,28
2023-02-21 08:59:58,A50021,603,-22.92551,-43.24961,8.88888888888889,2133018,2.0.14,26
2023-02-21 09:00:28,A50021,603,-22.92638,-43.24708,5.555555555555555,2135511,2.0.14,28
2023-02-21 09:00:58,A50021,603,-22.92604,-43.24562,0.0,2137941,2.0.14,27
2023-02-21 09:01:28,A50021,603,-22.92604,-43.24562,0.0,2140468,2.0.14,27
2023-02-21 09:01:58,A50021,603,-22.9262,-43.2452,8.055555555555555,2142938,2.0.14,29
2023-02-21 09:02:28,A50021,603,-22.92854,-43.2436,8.88888888888889,2145369,2.0.14,29
2023-02-21 09:02:58,A50021,603,-22.93059,-43.24228,0.0,2147827,2.0.14,35
2023-02-21 09:03:28,A50021,603,-22.93059,-43.24229,0.0,2150307,2.0.14,35
2023-02-21 09:03:58,A50021,603,-22.93059,-43.24229,0.0,2152812,2.0.14,35
2023-02-21 09:04:28,A50021,603,-22.93208,-43.24131,8.88888888888889,2155309,2.0.14,33
2023-02-21 09:04:58,A50021,603,-22.93202,-43.23986,0.0,2157869,2.0.14,36
2023-02-21 09:05:28,A50021,603,-22.93107,-43.23832,11.11111111111111,2160330,2.0.14,26
2023-02-21 09:05:58,A50021,603,-22.92803,-43.23628,14.166666666666666,2162890,2.0.14,31
2023-02-21 09:06:28,A50021,603,-22.92507,-43.23388,7.777777777777778,2165388,2.0.14,27
2023-02-21 09:06:58,A50021,603,-22.92499,-43.23379,0.0,2167930,2.0.14,27
2023-02-21 09:07:28,A50021,603,-22.92499,-43.23379,0.0,2170428,2.0.14,27
2023-02-21 09:07:58,A50021,603,-22.92392,-43.23224,4.444444444444445,2173066,2.0.14,19
2023-02-21 09:08:28,A50021,603,-22.92373,-43.23191,0.0,2175539,2.0.14,19
2023-02-21 09:08:58,A50021,603,-22.92373,-43.23191,0.0,2178051,2.0.14,19
2023-02-21 09:09:28,A50021,603,-22.92373,-43.23191,0.0,2180589,2.0.14,19
2023-02-21 09:09:58,A50021,603,-22.92373,-43.23191,0.0,2183052,2.0.14,19
2023-02-21 09:10:28,A50021,603,-22.92373,-43.23191,0.0,2185592,2.0.14,19
2023-02-21 09:10:58,A50021,603,-22.92373,-43.23191,0.0,2188154,2.0.14,19
2023-02-21 09:11:28,A50021,603,-22.92373,-43.23191,0.0,2190666,2.0.14,19
2023-02-21 09:11:58,A50021,603,-22.92373,-43.23191,0.0,2193266,2.0.14,19
2023-02-21 09:12:28,A50021,603,-22.92373,-43.23191,0.0,2195710,2.0.14,19
2023-02-21 09:12:58,A50021,603,-22.92373,-43.23191,0.0,2198283,2.0.14,19
2023-02-21 09:13:28,A50021,603,-22.92373,-43.23191,0.0,2200788,2.0.14,19
2023-02-21 09:13:58,A50021,603,-22.92373,-43.23191,0.0,2203393,2.0.14,19
2023-02-21 09:14:28,A50021,603,-22.92373,-43.23191,0.0,2205970,2.0.14,19
2023-02-21 09:14:58,A50021,603,-22.92373,-43.23191,0.0,2208387,2.0.14,19
2023-02-21 09:15:28,A50021,603,-22.92373,-43.23191,0.0,2210936,2.0.14,19
2023-02-21 09:15:58,A50021,603,-22.92329,-43.23068,9.444444444444445,2213483,2.0.14,24
2023-02-21 09:16:28,A50021,603,-22.92277,-43.23082,6.666666666666666,2216046,2.0.14,23
2023-02-21 09:16:58,A50021,603,-22.92293,-43.23101,0.0,2218530,2.0.14,20
2023-02-21 09:17:28,A50021,603,-22.92338,-43.23172,8.61111111111111,2221056,2.0.14,22
2023-02-21 09:17:58,A50021,603,-22.92405,-43.2326,6.666666666666666,2223587,2.0.14,19
2023-02-21 09:18:28,A50021,603,-22.92449,-43.23323,0.0,2226143,2.0.14,37
2023-02-21 09:18:58,A50021,603,-22.9245,-43.23322,0.0,2228689,2.0.14,37
2023-02-21 09:19:28,A50021,603,-22.92502,-43.234,0.0,2231231,2.0.14,27
2023-02-21 09:19:58,A50021,603,-22.92572,-43.23485,8.333333333333334,2233699,2.0.14,22
2023-02-21 09:20:28,A50021,603,-22.9263,-43.23524,3.333333333333333,2236230,2.0.14,29
2023-02-21 09:20:58,A50021,603,-22.92858,-43.23669,10.833333333333334,2238732,2.0.14,31
2023-02-21 09:21:28,A50021,603,-22.93105,-43.23846,11.11111111111111,2241261,2.0.14,26
2023-02-21 09:21:58,A50021,603,-22.93159,-43.23937,0.0,2243755,2.0.14,35
2023-02-21 09:22:28,A50021,603,-22.93159,-43.23938,0.0,2246324,2.0.14,35
2023-02-21 09:22:58,A50021,603,-22.93224,-43.24074,0.0,2248863,2.0.14,31
2023-02-21 09:23:28,A50021,603,-22.93224,-43.24074,0.0,2251418,2.0.14,31
2023-02-21 09:23:58,A50021,603,-22.93227,-43.24081,0.0,2253903,2.0.14,31
2023-02-21 09:24:28,A50021,603,-22.93227,-43.24081,0.0,2256487,2.0.14,31
2023-02-21 09:24:58,A50021,603,-22.93323,-43.24178,9.166666666666666,2258900,2.0.14,30
2023-02-21 09:25:28,A50021,603,-22.93493,-43.24337,0.0,2261403,2.0.14,34
2023-02-21 09:25:58,A50021,603,-22.93542,-43.24385,8.055555555555555,2263965,2.0.14,30
2023-02-21 09:26:28,A50021,603,-22.93653,-43.24516,0.0,2266488,2.0.14,37
2023-02-21 09:26:58,A50021,603,-22.93671,-43.24533,5.277777777777778,2269051,2.0.14,37
2023-02-21 09:27:28,A50021,603,-22.9371,-43.24596,0.0,2271520,2.0.14,39
2023-02-21 09:27:58,A50021,603,-22.93622,-43.24664,1.6666666666666665,2274068,2.0.14,39
2023-02-21 09:28:28,A50021,603,-22.93771,-43.24874,13.055555555555555,2276602,2.0.14,41
2023-02-21 09:28:58,A50021,603,-22.93934,-43.25119,8.88888888888889,2279110,2.0.14,54
2023-02-21 09:29:28,A50021,603,-22.94007,-43.25349,7.777777777777778,2281652,2.0.14,56
2023-02-21 09:29:58,A50021,603,-22.94136,-43.25374,0.0,2284179,2.0.14,58
2023-02-21 09:30:28,A50021,603,-22.94291,-43.25474,8.333333333333334,2286683,2.0.14,67
2023-02-21 09:30:58,A50021,603,-22.94375,-43.25535,4.444444444444445,2289146,2.0.14,72
2023-02-21 09:31:28,A50021,603,-22.94519,-43.25627,4.722222222222222,2291584,2.0.14,84
2023-02-21 09:31:58,A50021,603,-22.94617,-43.25682,2.2222222222222223,2294162,2.0.14,94
2023-02-21 09:32:28,A50021,603,-22.94624,-43.2569,0.0,2296701,2.0.14,94
2023-02-21 09:32:58,A50021,603,-22.94624,-43.2569,0.0,2299140,2.0.14,94
2023-02-21 09:33:28,A50021,603,-22.94624,-43.2569,0.0,2301702,2.0.14,94
2023-02-21 09:33:58,A50021,603,-22.94624,-43.2569,0.0,2304145,2.0.14,94
2023-02-21 09:34:28,A50021,603,-22.94624,-43.2569,0.0,2306679,2.0.14,94
2023-02-21 09:34:58,A50021,603,-22.94624,-43.2569,0.0,2309153,2.0.14,94
2023-02-21 09:35:28,A50021,603,-22.94624,-43.2569,0.0,2311658,2.0.14,94
2023-02-21 09:35:58,A50021,603,-22.94624,-43.2569,0.0,2314287,2.0.14,94
2023-02-21 09:36:28,A50021,603,-22.94624,-43.2569,0.0,2316821,2.0.14,94
2023-02-21 09:36:58,A50021,603,-22.94624,-43.2569,0.0,2319306,2.0.14,94
2023-02-21 09:37:28,A50021,603,-22.94635,-43.2572,5.0,2321788,2.0.14,96
2023-02-21 09:37:58,A50021,603,-22.94602,-43.25683,0.0,2324282,2.0.14,94
2023-02-21 09:38:28,A50021,603,-22.94602,-43.25683,0.0,2326782,2.0.14,94
2023-02-21 09:38:58,A50021,603,-22.94554,-43.25646,9.166666666666666,2329298,2.0.14,83
2023-02-21 09:39:28,A50021,603,-22.9426,-43.25452,11.11111111111111,2331838,2.0.14,63
2023-02-21 09:39:58,A50021,603,-22.94146,-43.25379,6.944444444444445,2334392,2.0.14,59
2023-02-21 09:40:28,A50021,603,-22.94101,-43.25366,0.0,2336865,2.0.14,55
2023-02-21 09:40:58,A50021,603,-22.94075,-43.25364,6.388888888888888,2339403,2.0.14,54
2023-02-21 09:41:28,A50021,603,-22.93944,-43.25173,8.055555555555555,2341932,2.0.14,51
2023-02-21 09:41:58,A50021,603,-22.93849,-43.24978,10.277777777777777,2344484,2.0.14,41
2023-02-21 09:42:28,A50021,603,-22.93656,-43.24698,8.333333333333334,2346946,2.0.14,38
2023-02-21 09:42:58,A50021,603,-22.9358,-43.24604,5.555555555555555,2349483,2.0.14,35
2023-02-21 09:43:28,A50021,603,-22.9365,-43.24546,0.0,2352055,2.0.14,43
2023-02-21 09:43:58,A50021,603,-22.93637,-43.24494,9.166666666666666,2354522,2.0.14,38
2023-02-21 09:44:28,A50021,603,-22.9343,-43.24267,11.944444444444445,2357104,2.0.14,31
2023-02-21 09:44:58,A50021,603,-22.93225,-43.24052,5.833333333333333,2359623,2.0.14,29
2023-02-21 09:45:28,A50021,603,-22.93223,-43.24038,0.0,2362118,2.0.14,30
2023-02-21 09:45:58,A50021,603,-22.93205,-43.23997,0.0,2364645,2.0.14,32
2023-02-21 09:46:28,A50021,603,-22.93182,-43.23956,7.222222222222222,2367213,2.0.14,38
2023-02-21 09:46:58,A50021,603,-22.92998,-43.2374,8.88888888888889,2369811,2.0.14,33
2023-02-21 09:47:28,A50021,603,-22.92819,-43.23642,0.0,2372324,2.0.14,31
2023-02-21 09:47:58,A50021,603,-22.92818,-43.23643,0.0,2374838,2.0.14,31
2023-02-21 09:48:28,A50021,603,-22.92715,-43.23582,11.38888888888889,2377352,2.0.14,33
2023-02-21 09:48:58,A50021,603,-22.92579,-43.23475,4.444444444444445,2379789,2.0.14,22
2023-02-21 09:49:28,A50021,603,-22.92492,-43.23372,0.0,2382300,2.0.14,29
2023-02-21 09:49:58,A50021,603,-22.92492,-43.23372,0.0,2384747,2.0.14,29
2023-02-21 09:50:28,A50021,603,-22.92492,-43.23372,0.0,2387362,2.0.14,29
2023-02-21 09:50:58,A50021,603,-22.92443,-43.23314,1.9444444444444444,2389805,2.0.14,32
2023-02-21 09:51:28,A50021,603,-22.92366,-43.2319,0.0,2392385,2.0.14,19
2023-02-21 09:51:58,A50021,603,-22.92366,-43.23191,0.0,2394908,2.0.14,19
2023-02-21 09:52:28,A50021,603,-22.92366,-43.23191,0.0,2397421,2.0.14,19
2023-02-21 09:52:58,A50021,603,-22.92366,-43.23191,0.0,2399908,2.0.14,19
2023-02-21 09:53:28,A50021,603,-22.92366,-43.23191,0.0,2402405,2.0.14,19
2023-02-21 09:53:58,A50021,603,-22.92366,-43.23191,0.0,2404987,2.0.14,19
2023-02-21 09:54:28,A50021,603,-22.92366,-43.23191,0.0,2407479,2.0.14,19
2023-02-21 09:54:58,A50021,603,-22.92366,-43.23191,0.0,2410002,2.0.14,19
2023-02-21 09:55:28,A50021,603,-22.92366,-43.23191,0.0,2412545,2.0.14,19
2023-02-21 09:55:58,A50021,603,-22.92366,-43.23191,0.0,2415043,2.0.14,19
2023-02-21 09:56:28,A50021,603,-22.92366,-43.23191,0.0,2417610,2.0.14,19
2023-02-21 09:56:58,A50021,603,-22.92323,-43.23111,9.722222222222221,2420149,2.0.14,21
2023-02-21 09:57:28,A50021,603,-22.92273,-43.23065,7.222222222222222,2422681,2.0.14,26
2023-02-21 09:57:58,A50021,603,-22.92297,-43.23101,0.0,2425278,2.0.14,20
2023-02-21 09:58:28,A50021,603,-22.92316,-43.23133,7.222222222222222,2427734,2.0.14,22
2023-02-21 09:58:58,A50021,603,-22.92379,-43.23226,0.0,2430269,2.0.14,19
2023-02-21 09:59:28,A50021,603,-22.92379,-43.23226,0.0,2432824,2.0.14,19
2023-02-21 09:59:58,A50021,603,-22.924,-43.23253,5.0,2435431,2.0.14,21
2023-02-21 10:00:28,A50021,603,-22.9245,-43.23323,0.0,2437989,2.0.14,37
2023-02-21 10:00:58,A50021,603,-22.92456,-43.23331,3.333333333333333,2440548,2.0.14,37
2023-02-21 10:01:28,A50021,603,-22.92555,-43.23473,0.0,2443020,2.0.14,26
2023-02-21 10:01:58,A50021,603,-22.92619,-43.23516,0.0,2445649,2.0.14,26
2023-02-21 10:02:28,A50021,603,-22.92661,-43.23544,8.055555555555555,2448097,2.0.14,29
2023-02-21 10:02:58,A50021,603,-22.92908,-43.23696,4.166666666666667,2450629,2.0.14,33
2023-02-21 10:03:28,A50021,603,-22.92943,-43.23719,0.0,2453117,2.0.14,33
2023-02-21 10:03:58,A50021,603,-22.92996,-43.23752,8.055555555555555,2455610,2.0.14,33
2023-02-21 10:04:28,A50021,603,-22.9315,-43.23907,0.0,2458115,2.0.14,35
2023-02-21 10:04:58,A50021,603,-22.93226,-43.24066,5.833333333333333,2460568,2.0.14,29
2023-02-21 10:05:28,A50021,603,-22.93228,-43.24078,0.0,2463153,2.0.14,31
2023-02-21 10:05:58,A50021,603,-22.93237,-43.24098,5.555555555555555,2465689,2.0.14,39
2023-02-21 10:06:28,A50021,603,-22.93416,-43.24254,8.055555555555555,2468158,2.0.14,30
2023-02-21 10:06:58,A50021,603,-22.93491,-43.24333,0.0,2470683,2.0.14,34
2023-02-21 10:07:28,A50021,603,-22.93568,-43.24412,0.0,2473188,2.0.14,32
2023-02-21 10:07:58,A50021,603,-22.93655,-43.24513,0.0,2475659,2.0.14,35
2023-02-21 10:08:28,A50021,603,-22.93685,-43.24613,5.833333333333333,2478185,2.0.14,43
2023-02-21 10:08:58,A50021,603,-22.93658,-43.24702,7.777777777777778,2480690,2.0.14,38
2023-02-21 10:09:28,A50021,603,-22.93818,-43.24937,10.833333333333334,2483167,2.0.14,47
2023-02-21 10:09:58,A50021,603,-22.93947,-43.25156,8.88888888888889,2485736,2.0.14,51
2023-02-21 10:10:28,A50021,603,-22.94057,-43.25361,8.88888888888889,2488276,2.0.14,55
2023-02-21 10:10:58,A50021,603,-22.94115,-43.25366,0.0,2490837,2.0.14,55
2023-02-21 10:11:28,A50021,603,-22.94169,-43.25388,6.944444444444445,2493323,2.0.14,60
2023-02-21 10:11:58,A50021,603,-22.94329,-43.25496,0.0,2495861,2.0.14,70
2023-02-21 10:12:28,A50021,603,-22.94467,-43.2559,11.666666666666666,2498275,2.0.14,77
2023-02-21 10:12:58,A50021,603,-22.94625,-43.25684,3.611111111111111,2500867,2.0.14,92
2023-02-21 10:13:28,A50021,603,-22.94631,-43.2569,0.0,2503356,2.0.14,92
2023-02-21 10:13:58,A50021,603,-22.94631,-43.2569,0.0,2505936,2.0.14,92
2023-02-21 10:14:28,A50021,603,-22.94631,-43.2569,0.0,2508434,2.0.14,92
2023-02-21 10:14:58,A50021,603,-22.94631,-43.2569,0.0,2510937,2.0.14,92
2023-02-21 10:15:28,A50021,603,-22.94631,-43.2569,0.0,2513470,2.0.14,92
2023-02-21 10:15:58,A50021,603,-22.94631,-43.2569,0.0,2516025,2.0.14,92
2023-02-21 10:16:28,A50021,603,-22.94631,-43.2569,0.0,2518568,2.0.14,92
2023-02-21 10:16:58,A50021,603,-22.94631,-43.2569,0.0,2521025,2.0.14,92
2023-02-21 10:17:28,A50021,603,-22.94631,-43.2569,0.0,2523547,2.0.14,92
2023-02-21 10:17:58,A50021,603,-22.94631,-43.2569,0.0,2526005,2.0.14,92
2023-02-21 10:18:28,A50021,603,-22.94631,-43.2569,0.0,2528570,2.0.14,92
2023-02-21 10:18:58,A50021,603,-22.94631,-43.2569,0.0,2531073,2.0.14,92
2023-02-21 10:19:28,A50021,603,-22.94631,-43.2569,0.0,2533570,2.0.14,92
2023-02-21 10:19:58,A50021,603,-22.94631,-43.2569,0.0,2536078,2.0.14,92
2023-02-21 10:20:28,A50021,603,-22.94654,-43.25715,0.0,2538621,2.0.14,95
2023-02-21 10:20:58,A50021,603,-22.94526,-43.25627,9.166666666666666,2541178,2.0.14,84
2023-02-21 10:21:28,A50021,603,-22.94256,-43.25447,6.666666666666666,2543729,2.0.14,63
2023-02-21 10:21:58,A50021,603,-22.94139,-43.25375,6.388888888888888,2546271,2.0.14,58
2023-02-21 10:22:28,A50021,603,-22.93965,-43.25242,9.722222222222221,2548763,2.0.14,56
2023-02-21 10:22:58,A50021,603,-22.93916,-43.25083,0.0,2551339,2.0.14,56
2023-02-21 10:23:28,A50021,603,-22.93916,-43.25083,0.0,2553897,2.0.14,56
2023-02-21 10:23:58,A50021,603,-22.93887,-43.25057,5.555555555555555,2556343,2.0.14,54
2023-02-21 10:24:28,A50021,603,-22.93729,-43.24786,10.833333333333334,2558972,2.0.14,36
2023-02-21 10:24:58,A50021,603,-22.93549,-43.24633,4.722222222222222,2561455,2.0.14,35
2023-02-21 10:25:28,A50021,603,-22.93657,-43.24544,1.1111111111111112,2563988,2.0.14,42
2023-02-21 10:25:58,A50021,603,-22.93658,-43.24545,0.0,2566476,2.0.14,42
2023-02-21 10:26:28,A50021,603,-22.93655,-43.24545,0.0,2568932,2.0.14,42
2023-02-21 10:26:58,A50021,603,-22.93655,-43.24545,0.0,2571444,2.0.14,42
2023-02-21 10:27:28,A50021,603,-22.9356,-43.24393,6.944444444444445,2573915,2.0.14,30
2023-02-21 10:27:58,A50021,603,-22.93513,-43.24346,8.333333333333334,2576462,2.0.14,34
2023-02-21 10:28:28,A50021,603,-22.93291,-43.24141,7.222222222222222,2578965,2.0.14,37
2023-02-21 10:28:58,A50021,603,-22.93271,-43.24134,0.0,2581442,2.0.14,37
2023-02-21 10:29:28,A50021,603,-22.93267,-43.2413,0.0,2583968,2.0.14,37
2023-02-21 10:29:58,A50021,603,-22.93225,-43.24068,5.0,2586421,2.0.14,29
2023-02-21 10:30:28,A50021,603,-22.93089,-43.23819,11.944444444444445,2588893,2.0.14,30
2023-02-21 10:30:58,A50021,603,-22.93,-43.23752,0.0,2591407,2.0.14,33
2023-02-21 10:31:28,A50021,603,-22.93,-43.23751,0.0,2593866,2.0.14,33
2023-02-21 10:31:58,A50021,603,-22.92886,-43.23684,11.666666666666666,2596404,2.0.14,33
2023-02-21 10:32:28,A50021,603,-22.92741,-43.23587,10.833333333333334,2598947,2.0.14,33
2023-02-21 10:32:58,A50021,603,-22.92484,-43.23355,11.944444444444445,2601462,2.0.14,31
2023-02-21 10:33:28,A50021,603,-22.92372,-43.23191,0.0,2603980,2.0.14,19
2023-02-21 10:33:58,A50021,603,-22.92372,-43.23191,0.0,2606473,2.0.14,19
2023-02-21 10:34:28,A50021,603,-22.92372,-43.23191,0.0,2608934,2.0.14,19
2023-02-21 10:34:58,A50021,603,-22.92372,-43.23191,0.0,2611473,2.0.14,19
2023-02-21 10:35:28,A50021,603,-22.92372,-43.23191,0.0,2613954,2.0.14,19
2023-02-21 10:35:58,A50021,603,-22.92372,-43.23191,0.0,2616492,2.0.14,19
2023-02-21 10:36:28,A50021,603,-22.92372,-43.23191,0.0,2618889,2.0.14,19
2023-02-21 10:36:58,A50021,603,-22.92372,-43.23191,0.0,2621441,2.0.14,19
2023-02-21 10:37:28,A50021,603,-22.92372,-43.23191,0.0,2623863,2.0.14,19
2023-02-21 10:37:58,A50021,603,-22.92372,-43.23191,0.0,2626377,2.0.14,19
2023-02-21 10:38:28,A50021,603,-22.92372,-43.23191,0.0,2628856,2.0.14,19
2023-02-21 10:38:58,A50021,603,-22.92372,-43.23191,0.0,2631334,2.0.14,19
2023-02-21 10:39:28,A50021,603,-22.92366,-43.23196,0.0,2633846,2.0.14,19
2023-02-21 10:39:58,A50021,603,-22.92365,-43.23198,0.0,2636342,2.0.14,19
2023-02-21 10:40:28,A50021,603,-22.92365,-43.23198,0.0,2638846,2.0.14,19
2023-02-21 10:40:58,A50021,603,-22.92323,-43.23095,10.555555555555555,2641376,2.0.14,22
2023-02-21 10:41:28,A50021,603,-22.92275,-43.23026,0.0,2643893,2.0.14,25
2023-02-21 10:41:58,A50021,603,-22.92275,-43.23026,0.0,2646387,2.0.14,25
2023-02-21 10:42:28,A50021,603,-22.92269,-43.23027,2.5,2649001,2.0.14,25
2023-02-21 10:42:58,A50021,603,-22.92363,-43.23199,8.88888888888889,2651540,2.0.14,19
2023-02-21 10:43:28,A50021,603,-22.92394,-43.23242,0.5555555555555556,2653966,2.0.14,21
2023-02-21 10:43:58,A50021,603,-22.92449,-43.2332,0.0,2656498,2.0.14,37
2023-02-21 10:44:28,A50021,603,-22.92536,-43.23434,11.38888888888889,2659094,2.0.14,28
2023-02-21 10:44:58,A50021,603,-22.92765,-43.23616,1.3888888888888888,2661563,2.0.14,31
2023-02-21 10:45:28,A50021,603,-22.92767,-43.23616,0.0,2664118,2.0.14,31
2023-02-21 10:45:58,A50021,603,-22.92847,-43.23663,9.722222222222221,2666671,2.0.14,33
2023-02-21 10:46:28,A50021,603,-22.92967,-43.23737,0.0,2669256,2.0.14,34
2023-02-21 10:46:58,A50021,603,-22.93001,-43.23758,7.5,2671857,2.0.14,33
2023-02-21 10:47:28,A50021,603,-22.93185,-43.23967,11.11111111111111,2674391,2.0.14,36
2023-02-21 10:47:58,A50021,603,-22.93228,-43.24078,0.0,2676972,2.0.14,31
2023-02-21 10:48:28,A50021,603,-22.93228,-43.24078,0.0,2679585,2.0.14,31
2023-02-21 10:48:58,A50021,603,-22.93228,-43.24078,0.0,2682082,2.0.14,31
2023-02-21 10:49:28,A50021,603,-22.93268,-43.24125,6.388888888888888,2684653,2.0.14,39
2023-02-21 10:49:58,A50021,603,-22.93415,-43.24253,5.555555555555555,2687133,2.0.14,30
2023-02-21 10:50:28,A50021,603,-22.93614,-43.24466,10.555555555555555,2689710,2.0.14,38
2023-02-21 10:50:58,A50021,603,-22.93659,-43.24524,0.0,2692312,2.0.14,37
2023-02-21 10:51:28,A50021,603,-22.93672,-43.24538,4.722222222222222,2694793,2.0.14,37
2023-02-21 10:51:58,A50021,603,-22.93678,-43.24614,6.666666666666666,2697360,2.0.14,43
2023-02-21 10:52:28,A50021,603,-22.93649,-43.24685,7.222222222222222,2699989,2.0.14,39
2023-02-21 10:52:58,A50021,603,-22.93819,-43.24925,11.944444444444445,2702492,2.0.14,43
2023-02-21 10:53:28,A50021,603,-22.9395,-43.25154,8.333333333333334,2705128,2.0.14,51
2023-02-21 10:53:58,A50021,603,-22.9397,-43.2525,3.0555555555555554,2707544,2.0.14,56
2023-02-21 10:54:28,A50021,603,-22.93999,-43.25331,2.5,2710082,2.0.14,55
2023-02-21 10:54:58,A50021,603,-22.94136,-43.25368,0.0,2712615,2.0.14,58
2023-02-21 10:55:28,A50021,603,-22.94164,-43.25382,5.555555555555555,2715168,2.0.14,60
2023-02-21 10:55:58,A50021,603,-22.94366,-43.25526,10.0,2717719,2.0.14,75
2023-02-21 10:56:28,A50021,603,-22.94605,-43.25681,3.0555555555555554,2720313,2.0.14,94
2023-02-21 10:56:58,A50021,603,-22.9463,-43.2569,0.0,2722889,2.0.14,92
2023-02-21 10:57:28,A50021,603,-22.9463,-43.2569,0.0,2725380,2.0.14,92
2023-02-21 10:57:58,A50021,603,-22.9463,-43.2569,0.0,2727878,2.0.14,92
2023-02-21 10:58:28,A50021,603,-22.9463,-43.2569,0.0,2730474,2.0.14,92
2023-02-21 10:58:58,A50021,603,-22.9463,-43.2569,0.0,2733074,2.0.14,92
2023-02-21 10:59:28,A50021,603,-22.94631,-43.2569,0.0,2735516,2.0.14,92
2023-02-21 10:59:58,A50021,603,-22.94631,-43.2569,0.0,2738066,2.0.14,92
2023-02-21 11:00:28,A50021,603,-22.94631,-43.2569,0.0,2740614,2.0.14,92
2023-02-21 11:00:58,A50021,603,-22.94631,-43.2569,0.0,2743130,2.0.14,92
2023-02-21 11:01:28,A50021,603,-22.94631,-43.2569,0.0,2745648,2.0.14,92
2023-02-21 11:01:58,A50021,603,-22.94631,-43.2569,0.0,2748131,2.0.14,92
2023-02-21 11:02:28,A50021,603,-22.94631,-43.2569,0.0,2750666,2.0.14,92
2023-02-21 11:02:58,A50021,603,-22.94631,-43.2569,0.0,2753072,2.0.14,92
2023-02-21 11:03:28,A50021,603,-22.94631,-43.2569,0.0,2755596,2.0.14,92
2023-02-21 11:03:58,A50021,603,-22.94631,-43.2569,0.0,2758144,2.0.14,92
2023-02-21 11:04:28,A50021,603,-22.94631,-43.2569,0.0,2760724,2.0.14,92
2023-02-21 11:04:58,A50021,603,-22.94632,-43.25689,0.0,2763309,2.0.14,92
2023-02-21 11:05:28,A50021,603,-22.94624,-43.25704,6.944444444444445,2765767,2.0.14,94
2023-02-21 11:05:58,A50021,603,-22.94345,-43.25505,11.944444444444445,2768326,2.0.14,70
2023-02-21 11:06:28,A50021,603,-22.9418,-43.25396,7.222222222222222,2770833,2.0.14,60
2023-02-21 11:06:58,A50021,603,-22.93992,-43.25324,4.444444444444445,2773366,2.0.14,55
2023-02-21 11:07:28,A50021,603,-22.93935,-43.25116,7.777777777777778,2775887,2.0.14,54
2023-02-21 11:07:58,A50021,603,-22.93887,-43.25016,6.944444444444445,2778432,2.0.14,49
2023-02-21 11:08:28,A50021,603,-22.93721,-43.24764,10.0,2780967,2.0.14,36
2023-02-21 11:08:58,A50021,603,-22.93552,-43.2463,4.166666666666667,2783454,2.0.14,35
2023-02-21 11:09:28,A50021,603,-22.93654,-43.24545,0.0,2785950,2.0.14,42
2023-02-21 11:09:58,A50021,603,-22.93655,-43.24544,0.0,2788533,2.0.14,42
2023-02-21 11:10:28,A50021,603,-22.93664,-43.24533,3.888888888888889,2790987,2.0.14,37
2023-02-21 11:10:58,A50021,603,-22.9355,-43.24381,8.61111111111111,2793518,2.0.14,30
2023-02-21 11:11:28,A50021,603,-22.93359,-43.24198,8.333333333333334,2796126,2.0.14,31
2023-02-21 11:11:58,A50021,603,-22.93289,-43.24128,0.0,2798652,2.0.14,37
2023-02-21 11:12:28,A50021,603,-22.93289,-43.24132,0.0,2801206,2.0.14,37
2023-02-21 11:12:58,A50021,603,-22.93283,-43.24138,0.0,2803691,2.0.14,37
2023-02-21 11:13:28,A50021,603,-22.93235,-43.2408,0.0,2806133,2.0.14,31
2023-02-21 11:13:58,A50021,603,-22.93171,-43.23935,13.055555555555555,2808592,2.0.14,35
2023-02-21 11:14:28,A50021,603,-22.93083,-43.23822,6.666666666666666,2811078,2.0.14,29
2023-02-21 11:14:58,A50021,603,-22.93032,-43.2377,0.0,2813623,2.0.14,33
2023-02-21 11:15:28,A50021,603,-22.93027,-43.23764,3.333333333333333,2816125,2.0.14,33
2023-02-21 11:15:58,A50021,603,-22.92783,-43.2361,13.055555555555555,2818560,2.0.14,31
2023-02-21 11:16:28,A50021,603,-22.92503,-43.2339,9.722222222222221,2821105,2.0.14,27
2023-02-21 11:16:58,A50021,603,-22.92479,-43.23364,0.0,2823616,2.0.14,31
2023-02-21 11:17:28,A50021,603,-22.92471,-43.23367,0.0,2826182,2.0.14,31
2023-02-21 11:17:58,A50021,603,-22.92374,-43.23192,3.611111111111111,2828687,2.0.14,19
2023-02-21 11:18:28,A50021,603,-22.92373,-43.23189,0.0,2831209,2.0.14,19
2023-02-21 11:18:58,A50021,603,-22.92373,-43.2319,0.0,2833628,2.0.14,19
2023-02-21 11:19:28,A50021,603,-22.92373,-43.23191,0.0,2836176,2.0.14,19
2023-02-21 11:19:58,A50021,603,-22.92373,-43.23192,0.0,2838612,2.0.14,19
2023-02-21 11:20:28,A50021,603,-22.92373,-43.23193,0.0,2841084,2.0.14,19
2023-02-21 11:20:58,A50021,603,-22.92373,-43.23194,0.0,2843500,2.0.14,19
2023-02-21 11:21:28,A50021,603,-22.92373,-43.23195,0.0,2846108,2.0.14,19
2023-02-21 11:21:58,A50021,603,-22.92373,-43.23195,0.0,2848594,2.0.14,19
2023-02-21 11:22:28,A50021,603,-22.92372,-43.23196,0.0,2851098,2.0.14,19
2023-02-21 11:22:58,A50021,603,-22.92372,-43.23196,0.0,2853689,2.0.14,19
2023-02-21 11:23:28,A50021,603,-22.92372,-43.23196,0.0,2856158,2.0.14,19
2023-02-21 11:23:58,A50021,603,-22.92372,-43.23199,0.0,2858652,2.0.14,19
2023-02-21 11:24:28,A50021,603,-22.92373,-43.232,0.0,2861148,2.0.14,19
2023-02-21 11:24:58,A50021,603,-22.92372,-43.23199,0.0,2863730,2.0.14,19
2023-02-21 11:25:28,A50021,603,-22.92329,-43.23127,9.444444444444445,2866247,2.0.14,22
2023-02-21 11:25:58,A50021,603,-22.92254,-43.23036,2.2222222222222223,2868800,2.0.14,26
2023-02-21 11:26:28,A50021,603,-22.92323,-43.23141,8.055555555555555,2871406,2.0.14,22
2023-02-21 11:26:58,A50021,603,-22.92441,-43.23311,1.3888888888888888,2873927,2.0.14,32
2023-02-21 11:27:28,A50021,603,-22.92442,-43.23312,0.0,2876574,2.0.14,32
2023-02-21 11:27:58,A50021,603,-22.92566,-43.23476,8.88888888888889,2879134,2.0.14,26
2023-02-21 11:28:28,A50021,603,-22.92775,-43.23617,0.0,2881573,2.0.14,31
2023-02-21 11:28:58,A50021,603,-22.92774,-43.23616,0.0,2884122,2.0.14,31
2023-02-21 11:29:28,A50021,603,-22.92885,-43.2368,8.88888888888889,2886597,2.0.14,30
2023-02-21 11:29:58,A50021,603,-22.9297,-43.23733,0.0,2889062,2.0.14,34
2023-02-21 11:30:28,A50021,603,-22.93013,-43.2376,6.944444444444445,2891661,2.0.14,33
2023-02-21 11:30:58,A50021,603,-22.93183,-43.23985,9.722222222222221,2894201,2.0.14,36
2023-02-21 11:31:28,A50021,603,-22.93228,-43.24076,0.0,2896696,2.0.14,31
2023-02-21 11:31:58,A50021,603,-22.93228,-43.24076,0.0,2899234,2.0.14,31
2023-02-21 11:32:28,A50021,603,-22.93228,-43.24076,0.0,2901621,2.0.14,31
2023-02-21 11:32:58,A50021,603,-22.9336,-43.24206,8.61111111111111,2904173,2.0.14,31
2023-02-21 11:33:28,A50021,603,-22.93529,-43.24367,7.5,2906719,2.0.14,31
2023-02-21 11:33:58,A50021,603,-22.93663,-43.24519,0.0,2909141,2.0.14,37
2023-02-21 11:34:28,A50021,603,-22.93663,-43.24519,0.0,2911718,2.0.14,37
2023-02-21 11:34:58,A50021,603,-22.93717,-43.24593,4.722222222222222,2914154,2.0.14,39
2023-02-21 11:35:28,A50021,603,-22.93626,-43.24654,0.0,2916712,2.0.14,39
2023-02-21 11:35:58,A50021,603,-22.93747,-43.2483,11.666666666666666,2919211,2.0.14,40
2023-02-21 11:36:28,A50021,603,-22.93896,-43.25076,7.5,2921638,2.0.14,58
2023-02-21 11:36:58,A50021,603,-22.93989,-43.25302,8.055555555555555,2924141,2.0.14,55
2023-02-21 11:37:28,A50021,603,-22.94004,-43.25336,2.7777777777777777,2926595,2.0.14,55
2023-02-21 11:37:58,A50021,603,-22.94194,-43.25406,9.444444444444445,2929153,2.0.14,59
2023-02-21 11:38:28,A50021,603,-22.94449,-43.25578,11.944444444444445,2931574,2.0.14,73
2023-02-21 11:38:58,A50021,603,-22.94617,-43.25676,3.0555555555555554,2934157,2.0.14,90
2023-02-21 11:39:28,A50021,603,-22.94626,-43.25687,0.0,2936614,2.0.14,92
2023-02-21 11:39:58,A50021,603,-22.94626,-43.25687,0.0,2939223,2.0.14,92
2023-02-21 11:40:28,A50021,603,-22.94625,-43.25686,0.0,2941718,2.0.14,92
2023-02-21 11:40:58,A50021,603,-22.94625,-43.25686,0.0,2944206,2.0.14,92
2023-02-21 11:41:28,A50021,603,-22.94625,-43.25686,0.0,2946768,2.0.14,92
2023-02-21 11:41:58,A50021,603,-22.94625,-43.25686,0.0,2949279,2.0.14,92
2023-02-21 11:42:28,A50021,603,-22.94625,-43.25686,0.0,2951752,2.0.14,92
2023-02-21 11:42:58,A50021,603,-22.94625,-43.25686,0.0,2954261,2.0.14,92
2023-02-21 11:43:28,A50021,603,-22.94625,-43.25686,0.0,2956845,2.0.14,92
2023-02-21 11:43:58,A50021,603,-22.94625,-43.25686,0.0,2959375,2.0.14,92
2023-02-21 11:44:28,A50021,603,-22.94624,-43.25684,0.0,2961855,2.0.14,94
2023-02-21 11:44:58,A50021,603,-22.94623,-43.25682,0.0,2964345,2.0.14,94
2023-02-21 11:45:28,A50021,603,-22.94622,-43.25681,0.0,2966814,2.0.14,94
2023-02-21 11:45:58,A50021,603,-22.94622,-43.25678,0.0,2969309,2.0.14,90
2023-02-21 11:46:28,A50021,603,-22.94621,-43.25677,0.0,2971807,2.0.14,90
2023-02-21 11:46:58,A50021,603,-22.9462,-43.25674,0.0,2974314,2.0.14,90
2023-02-21 11:47:28,A50021,603,-22.9462,-43.25674,0.0,2976779,2.0.14,90
2023-02-21 11:47:58,A50021,603,-22.94621,-43.25676,0.0,2979349,2.0.14,90
2023-02-21 11:48:28,A50021,603,-22.94621,-43.25676,0.0,2981811,2.0.14,90
2023-02-21 11:48:58,A50021,603,-22.9462,-43.25676,0.0,2984238,2.0.14,90
2023-02-21 11:49:28,A50021,603,-22.9462,-43.25676,0.0,2986881,2.0.14,90
2023-02-21 11:49:58,A50021,603,-22.94623,-43.25679,0.0,2989362,2.0.14,90
2023-02-21 11:50:28,A50021,603,-22.94623,-43.2568,0.0,2991915,2.0.14,90
2023-02-21 11:50:58,A50021,603,-22.94623,-43.2568,0.0,2994458,2.0.14,90
2023-02-21 11:51:28,A50021,603,-22.94625,-43.25682,0.0,2996939,2.0.14,92
2023-02-21 11:51:58,A50021,603,-22.94616,-43.25694,6.111111111111111,2999510,2.0.14,94
2023-02-21 11:52:28,A50021,603,-22.94414,-43.25557,11.944444444444445,3001982,2.0.14,74
2023-02-21 11:52:58,A50021,603,-22.94159,-43.25383,7.777777777777778,3004484,2.0.14,60
2023-02-21 11:53:28,A50021,603,-22.94039,-43.25365,6.666666666666666,3006946,2.0.14,55
2023-02-21 11:53:58,A50021,603,-22.93962,-43.25246,0.0,3009452,2.0.14,56
2023-02-21 11:54:28,A50021,603,-22.939,-43.2509,8.61111111111111,3012000,2.0.14,58
2023-02-21 11:54:58,A50021,603,-22.93765,-43.2485,10.833333333333334,3014475,2.0.14,41
2023-02-21 11:55:28,A50021,603,-22.93574,-43.24656,7.5,3017033,2.0.14,37
2023-02-21 11:55:58,A50021,603,-22.93641,-43.24559,6.944444444444445,3019519,2.0.14,43
2023-02-21 11:56:28,A50021,603,-22.9357,-43.24412,5.277777777777778,3022048,2.0.14,34
2023-02-21 11:56:58,A50021,603,-22.93509,-43.24345,8.88888888888889,3024604,2.0.14,34
2023-02-21 11:57:28,A50021,603,-22.93428,-43.24264,7.777777777777778,3027156,2.0.14,31
2023-02-21 11:57:58,A50021,603,-22.93373,-43.24213,0.0,3029644,2.0.14,33
2023-02-21 11:58:28,A50021,603,-22.93357,-43.24198,0.2777777777777778,3032147,2.0.14,31
2023-02-21 11:58:58,A50021,603,-22.93236,-43.24071,6.944444444444445,3034685,2.0.14,31
2023-02-21 11:59:28,A50021,603,-22.93229,-43.24054,0.0,3037268,2.0.14,29
2023-02-21 11:59:58,A50021,603,-22.93195,-43.23981,0.0,3039736,2.0.14,36
2023-02-21 12:00:28,A50021,603,-22.93196,-43.2398,0.0,3042256,2.0.14,36
2023-02-21 12:00:58,A50021,603,-22.9313,-43.23867,10.555555555555555,3044773,2.0.14,30
2023-02-21 12:01:28,A50021,603,-22.92858,-43.23655,12.5,3047244,2.0.14,31
2023-02-21 12:01:58,A50021,603,-22.92652,-43.23529,0.0,3049820,2.0.14,29
2023-02-21 12:02:28,A50021,603,-22.9261,-43.23499,0.0,3052317,2.0.14,23
2023-02-21 12:02:58,A50021,603,-22.92492,-43.23369,9.166666666666666,3054781,2.0.14,29
2023-02-21 12:03:28,A50021,603,-22.9239,-43.2323,2.2222222222222223,3057237,2.0.14,19
2023-02-21 12:03:58,A50021,603,-22.92387,-43.23222,2.5,3059748,2.0.14,19
2023-02-21 12:04:28,A50021,603,-22.9237,-43.23191,0.0,3062306,2.0.14,19
2023-02-21 12:04:58,A50021,603,-22.9237,-43.23191,0.0,3064840,2.0.14,19
2023-02-21 12:05:28,A50021,603,-22.9237,-43.23191,0.0,3067290,2.0.14,19
2023-02-21 12:05:58,A50021,603,-22.9237,-43.23191,0.0,3069774,2.0.14,19
2023-02-21 12:06:28,A50021,603,-22.9237,-43.23191,0.0,3072356,2.0.14,19
2023-02-21 12:06:58,A50021,603,-22.9237,-43.23191,0.0,3074827,2.0.14,19
2023-02-21 12:07:28,A50021,603,-22.9237,-43.23191,0.0,3077343,2.0.14,19
2023-02-21 12:07:58,A50021,603,-22.9237,-43.23191,0.0,3079755,2.0.14,19
2023-02-21 12:08:28,A50021,603,-22.9237,-43.23191,0.0,3082303,2.0.14,19
2023-02-21 12:08:58,A50021,603,-22.92365,-43.23198,0.0,3084746,2.0.14,19
2023-02-21 12:09:28,A50021,603,-22.92365,-43.23198,0.0,3087203,2.0.14,19
2023-02-21 12:09:58,A50021,603,-22.92363,-43.23199,0.0,3089777,2.0.14,19
2023-02-21 12:10:28,A50021,603,-22.92362,-43.23199,0.0,3092290,2.0.14,19
2023-02-21 12:10:58,A50021,603,-22.92362,-43.23199,0.0,3094829,2.0.14,19
2023-02-21 12:11:28,A50021,603,-22.92362,-43.23199,0.0,3097315,2.0.14,19
2023-02-21 12:11:58,A50021,603,-22.92316,-43.23131,7.777777777777778,3099860,2.0.14,22
2023-02-21 12:12:28,A50021,603,-22.92273,-43.23024,0.0,3102370,2.0.14,25
2023-02-21 12:12:58,A50021,603,-22.92274,-43.23023,0.0,3104896,2.0.14,25
2023-02-21 12:13:28,A50021,603,-22.92274,-43.23024,0.0,3107352,2.0.14,25
2023-02-21 12:13:58,A50021,603,-22.92296,-43.23102,2.5,3109902,2.0.14,20
2023-02-21 12:14:28,A50021,603,-22.92296,-43.23103,0.0,3112405,2.0.14,20
2023-02-21 12:14:58,A50021,603,-22.92385,-43.23235,5.0,3114893,2.0.14,19
2023-02-21 12:15:28,A50021,603,-22.92438,-43.23314,0.0,3117423,2.0.14,32
2023-02-21 12:15:58,A50021,603,-22.9246,-43.23344,6.944444444444445,3119929,2.0.14,31
2023-02-21 12:16:28,A50021,603,-22.92665,-43.23555,11.666666666666666,3122370,2.0.14,29
2023-02-21 12:16:58,A50021,603,-22.92768,-43.23619,0.0,3124833,2.0.14,31
2023-02-21 12:17:28,A50021,603,-22.92769,-43.23618,0.0,3127322,2.0.14,31
2023-02-21 12:17:58,A50021,603,-22.92852,-43.23673,6.666666666666666,3129740,2.0.14,31
2023-02-21 12:18:28,A50021,603,-22.92928,-43.23713,5.555555555555555,3132260,2.0.14,34
2023-02-21 12:18:58,A50021,603,-22.93097,-43.23841,10.833333333333334,3134770,2.0.14,29
2023-02-21 12:19:28,A50021,603,-22.93171,-43.23929,0.0,3137178,2.0.14,39
2023-02-21 12:19:58,A50021,603,-22.93169,-43.23926,0.0,3139642,2.0.14,39
2023-02-21 12:20:28,A50021,603,-22.93233,-43.24089,10.277777777777777,3142133,2.0.14,31
2023-02-21 12:20:58,A50021,603,-22.93426,-43.2427,7.777777777777778,3144586,2.0.14,31
2023-02-21 12:21:28,A50021,603,-22.93594,-43.24444,10.0,3147130,2.0.14,36
2023-02-21 12:21:58,A50021,603,-22.93641,-43.24506,0.0,3149634,2.0.14,38
2023-02-21 12:22:28,A50021,603,-22.93669,-43.24532,5.277777777777778,3152189,2.0.14,37
2023-02-21 12:22:58,A50021,603,-22.93637,-43.24643,5.0,3154689,2.0.14,40
2023-02-21 12:23:28,A50021,603,-22.93728,-43.24786,11.11111111111111,3157239,2.0.14,36
2023-02-21 12:23:58,A50021,603,-22.9389,-43.25067,8.88888888888889,3159681,2.0.14,54
2023-02-21 12:24:28,A50021,603,-22.93974,-43.25264,6.944444444444445,3162232,2.0.14,61
2023-02-21 12:24:58,A50021,603,-22.94116,-43.25369,6.944444444444445,3164713,2.0.14,55
2023-02-21 12:25:28,A50021,603,-22.94309,-43.25482,9.722222222222221,3167231,2.0.14,68
2023-02-21 12:25:58,A50021,603,-22.94507,-43.25617,6.944444444444445,3169753,2.0.14,84
2023-02-21 12:26:28,A50021,603,-22.94628,-43.25689,0.0,3172168,2.0.14,92
2023-02-21 12:26:58,A50021,603,-22.94628,-43.2569,0.0,3174675,2.0.14,92
2023-02-21 12:27:28,A50021,603,-22.94628,-43.2569,0.0,3177209,2.0.14,92
2023-02-21 12:27:58,A50021,603,-22.94628,-43.2569,0.0,3179643,2.0.14,92
2023-02-21 12:28:28,A50021,603,-22.94628,-43.2569,0.0,3182162,2.0.14,92
2023-02-21 12:28:58,A50021,603,-22.94628,-43.2569,0.0,3184681,2.0.14,92
2023-02-21 12:29:28,A50021,603,-22.94628,-43.2569,0.0,3187092,2.0.14,92
2023-02-21 12:29:58,A50021,603,-22.94628,-43.2569,0.0,3189599,2.0.14,92
2023-02-21 12:30:28,A50021,603,-22.94628,-43.2569,0.0,3192076,2.0.14,92
2023-02-21 12:30:58,A50021,603,-22.94628,-43.2569,0.0,3194471,2.0.14,92
2023-02-21 12:31:28,A50021,603,-22.94628,-43.2569,0.0,3197025,2.0.14,92
2023-02-21 12:31:58,A50021,603,-22.94628,-43.2569,0.0,3199490,2.0.14,92
2023-02-21 12:32:28,A50021,603,-22.94628,-43.2569,0.0,3201887,2.0.14,92
2023-02-21 12:32:58,A50021,603,-22.94628,-43.2569,0.0,3204341,2.0.14,92
2023-02-21 12:33:28,A50021,603,-22.94628,-43.2569,0.0,3206876,2.0.14,92
2023-02-21 12:33:58,A50021,603,-22.94628,-43.2569,0.0,3209343,2.0.14,92
2023-02-21 12:34:28,A50021,603,-22.94628,-43.2569,0.0,3211738,2.0.14,92
2023-02-21 12:34:58,A50021,603,-22.94628,-43.2569,0.0,3214238,2.0.14,92
2023-02-21 12:35:28,A50021,603,-22.94628,-43.2569,0.0,3216666,2.0.14,92
2023-02-21 12:35:58,A50021,603,-22.94628,-43.2569,0.0,3219081,2.0.14,92
2023-02-21 12:36:28,A50021,603,-22.94628,-43.2569,0.0,3221557,2.0.14,92
2023-02-21 12:36:58,A50021,603,-22.94628,-43.2569,0.0,3224016,2.0.14,92
2023-02-21 12:37:28,A50021,603,-22.94628,-43.2569,0.0,3226424,2.0.14,92
2023-02-21 12:37:58,A50021,603,-22.94628,-43.2569,0.0,3228970,2.0.14,92
2023-02-21 12:38:28,A50021,603,-22.94628,-43.2569,0.0,3231415,2.0.14,92
2023-02-21 12:38:58,A50021,603,-22.94628,-43.2569,0.0,3233937,2.0.14,92
2023-02-21 12:39:28,A50021,603,-22.94628,-43.2569,0.0,3236333,2.0.14,92
2023-02-21 12:39:58,A50021,603,-22.94628,-43.2569,0.0,3238791,2.0.14,92
2023-02-21 12:40:28,A50021,603,-22.94628,-43.2569,0.0,3241288,2.0.14,92
2023-02-21 12:40:58,A50021,603,-22.94628,-43.2569,0.0,3243761,2.0.14,92
2023-02-21 12:41:28,A50021,603,-22.94628,-43.2569,0.0,3246311,2.0.14,92
2023-02-21 12:41:58,A50021,603,-22.94658,-43.25727,3.611111111111111,3248792,2.0.14,95
2023-02-21 12:42:28,A50021,603,-22.94528,-43.2563,12.222222222222221,3251235,2.0.14,84
2023-02-21 12:42:58,A50021,603,-22.94254,-43.25447,8.333333333333334,3253700,2.0.14,63
2023-02-21 12:43:28,A50021,603,-22.94169,-43.25389,0.2777777777777778,3256071,2.0.14,60
2023-02-21 12:43:58,A50021,603,-22.9415,-43.25375,2.2222222222222223,3258544,2.0.14,58
2023-02-21 12:44:28,A50021,603,-22.94023,-43.2536,9.166666666666666,3261058,2.0.14,55
2023-02-21 12:44:58,A50021,603,-22.9394,-43.25177,8.333333333333334,3263576,2.0.14,51
2023-02-21 12:45:28,A50021,603,-22.93833,-43.24963,10.833333333333334,3266131,2.0.14,46
2023-02-21 12:45:58,A50021,603,-22.93652,-43.24693,8.88888888888889,3268560,2.0.14,39
2023-02-21 12:46:28,A50021,603,-22.93592,-43.24595,5.277777777777778,3270972,2.0.14,38
2023-02-21 12:46:58,A50021,603,-22.93646,-43.2455,0.0,3273507,2.0.14,43
2023-02-21 12:47:28,A50021,603,-22.93651,-43.24546,0.0,3275918,2.0.14,43
2023-02-21 12:47:58,A50021,603,-22.93656,-43.24536,1.6666666666666665,3278388,2.0.14,37
2023-02-21 12:48:28,A50021,603,-22.93549,-43.24386,9.722222222222221,3280875,2.0.14,30
2023-02-21 12:48:58,A50021,603,-22.93331,-43.24173,10.555555555555555,3283364,2.0.14,30
2023-02-21 12:49:28,A50021,603,-22.93268,-43.24123,0.0,3285769,2.0.14,39
2023-02-21 12:49:58,A50021,603,-22.93268,-43.24123,0.0,3288239,2.0.14,39
2023-02-21 12:50:28,A50021,603,-22.93268,-43.24123,0.0,3290807,2.0.14,39
2023-02-21 12:50:58,A50021,603,-22.93161,-43.23913,11.666666666666666,3293273,2.0.14,39
2023-02-21 12:51:28,A50021,603,-22.92936,-43.23706,10.555555555555555,3295765,2.0.14,32
2023-02-21 12:51:58,A50021,603,-22.92807,-43.23624,0.0,3298232,2.0.14,29
2023-02-21 12:52:28,A50021,603,-22.92761,-43.23601,9.444444444444445,3300688,2.0.14,32
2023-02-21 12:52:58,A50021,603,-22.92503,-43.23374,12.5,3303159,2.0.14,29
2023-02-21 12:53:28,A50021,603,-22.92367,-43.2319,0.0,3305602,2.0.14,19
2023-02-21 12:53:58,A50021,603,-22.92367,-43.2319,0.0,3307997,2.0.14,19
2023-02-21 12:54:28,A50021,603,-22.92367,-43.2319,0.0,3310453,2.0.14,19
2023-02-21 12:54:58,A50021,603,-22.92367,-43.2319,0.0,3312947,2.0.14,19
2023-02-21 12:55:28,A50021,603,-22.92367,-43.2319,0.0,3315380,2.0.14,19
2023-02-21 12:55:58,A50021,603,-22.92367,-43.2319,0.0,3317855,2.0.14,19
2023-02-21 12:56:28,A50021,603,-22.92367,-43.2319,0.0,3320320,2.0.14,19
2023-02-21 12:56:58,A50021,603,-22.92367,-43.2319,0.0,3322723,2.0.14,19
2023-02-21 12:57:28,A50021,603,-22.92367,-43.2319,0.0,3325206,2.0.14,19
2023-02-21 12:57:58,A50021,603,-22.92367,-43.2319,0.0,3327563,2.0.14,19
2023-02-21 12:58:28,A50021,603,-22.92367,-43.2319,0.0,3330011,2.0.14,19
2023-02-21 12:58:58,A50021,603,-22.92367,-43.2319,0.0,3332495,2.0.14,19
2023-02-21 12:59:28,A50021,603,-22.92367,-43.2319,0.0,3334946,2.0.14,19
2023-02-21 12:59:58,A50021,603,-22.92367,-43.2319,0.0,3337308,2.0.14,19
2023-02-21 13:00:28,A50021,603,-22.92367,-43.2319,0.0,3339847,2.0.14,19
2023-02-21 13:00:58,A50021,603,-22.92367,-43.2319,0.0,3342252,2.0.14,19
2023-02-21 13:01:28,A50021,603,-22.92357,-43.2318,4.722222222222222,3344744,2.0.14,21
2023-02-21 13:01:58,A50021,603,-22.92272,-43.23024,6.111111111111111,3347116,2.0.14,25
2023-02-21 13:02:28,A50021,603,-22.92336,-43.23174,8.88888888888889,3349637,2.0.14,22
2023-02-21 13:02:58,A50021,603,-22.92496,-43.23384,11.11111111111111,3352062,2.0.14,27
2023-02-21 13:03:28,A50021,603,-22.92727,-43.23593,10.0,3354542,2.0.14,33
2023-02-21 13:03:58,A50021,603,-22.92778,-43.23624,3.888888888888889,3357007,2.0.14,31
2023-02-21 13:04:28,A50021,603,-22.92907,-43.23695,7.777777777777778,3359444,2.0.14,33
2023-02-21 13:04:58,A50021,603,-22.92953,-43.23727,0.0,3361935,2.0.14,33
2023-02-21 13:05:28,A50021,603,-22.92953,-43.23727,0.0,3364509,2.0.14,33
2023-02-21 13:05:58,A50021,603,-22.93098,-43.23846,11.38888888888889,3367032,2.0.14,26
2023-02-21 13:06:28,A50021,603,-22.93189,-43.2394,7.777777777777778,3369480,2.0.14,38
2023-02-21 13:06:58,A50021,603,-22.93233,-43.24072,0.0,3372076,2.0.14,31
2023-02-21 13:07:28,A50021,603,-22.93233,-43.24072,0.0,3374584,2.0.14,31
2023-02-21 13:07:58,A50021,603,-22.93233,-43.24072,0.0,3376970,2.0.14,31
2023-02-21 13:08:28,A50021,603,-22.93365,-43.2421,12.5,3379560,2.0.14,33
2023-02-21 13:08:58,A50021,603,-22.935,-43.24341,3.611111111111111,3382053,2.0.14,34
2023-02-21 13:09:28,A50021,603,-22.93656,-43.24523,3.611111111111111,3384589,2.0.14,37
2023-02-21 13:09:58,A50021,603,-22.93658,-43.24526,0.0,3387015,2.0.14,37
2023-02-21 13:10:28,A50021,603,-22.93674,-43.2462,7.5,3389603,2.0.14,43
2023-02-21 13:10:58,A50021,603,-22.9362,-43.24654,0.0,3392082,2.0.14,39
2023-02-21 13:11:28,A50021,603,-22.9376,-43.24855,12.5,3394610,2.0.14,52
2023-02-21 13:11:58,A50021,603,-22.93851,-43.2499,4.444444444444445,3397065,2.0.14,47
2023-02-21 13:12:28,A50021,603,-22.93943,-43.25154,5.833333333333333,3399513,2.0.14,51
2023-02-21 13:12:58,A50021,603,-22.93949,-43.25224,2.5,3402129,2.0.14,55
2023-02-21 13:13:28,A50021,603,-22.93994,-43.25336,0.0,3404636,2.0.14,55
2023-02-21 13:13:58,A50021,603,-22.94093,-43.25367,4.166666666666667,3407178,2.0.14,54
2023-02-21 13:14:28,A50021,603,-22.94151,-43.25384,0.0,3409636,2.0.14,59
2023-02-21 13:14:58,A50021,603,-22.94252,-43.25448,8.055555555555555,3412136,2.0.14,63
2023-02-21 13:15:28,A50021,603,-22.94471,-43.25594,11.944444444444445,3414540,2.0.14,77
2023-02-21 13:15:58,A50021,603,-22.94628,-43.25688,1.9444444444444444,3417092,2.0.14,92
2023-02-21 13:16:28,A50021,603,-22.94628,-43.25688,0.0,3419534,2.0.14,92
2023-02-21 13:16:58,A50021,603,-22.94628,-43.25688,0.0,3422012,2.0.14,92
2023-02-21 13:17:28,A50021,603,-22.94628,-43.25688,0.0,3424572,2.0.14,92
2023-02-21 13:17:58,A50021,603,-22.94628,-43.25688,0.0,3426989,2.0.14,92
2023-02-21 13:18:28,A50021,603,-22.94628,-43.25688,0.0,3429465,2.0.14,92
2023-02-21 13:18:58,A50021,603,-22.94628,-43.25688,0.0,3431996,2.0.14,92
2023-02-21 13:19:28,A50021,603,-22.94628,-43.25688,0.0,3434506,2.0.14,92
2023-02-21 13:19:58,A50021,603,-22.94628,-43.25688,0.0,3436994,2.0.14,92
2023-02-21 13:20:28,A50021,603,-22.94628,-43.25688,0.0,3439522,2.0.14,92
2023-02-21 13:20:58,A50021,603,-22.94628,-43.25688,0.0,3441984,2.0.14,92
2023-02-21 13:21:28,A50021,603,-22.94628,-43.25688,0.0,3444493,2.0.14,92
2023-02-21 13:21:58,A50021,603,-22.94628,-43.25688,0.0,3446994,2.0.14,92
2023-02-21 13:22:28,A50021,603,-22.94628,-43.25688,0.0,3449551,2.0.14,92
2023-02-21 13:22:58,A50021,603,-22.94628,-43.25688,0.0,3452033,2.0.14,92
2023-02-21 13:23:28,A50021,603,-22.94628,-43.25688,0.0,3454538,2.0.14,92
2023-02-21 13:23:58,A50021,603,-22.94623,-43.25685,0.0,3457044,2.0.14,94
2023-02-21 13:24:28,A50021,603,-22.94622,-43.25684,0.0,3459581,2.0.14,94
2023-02-21 13:24:58,A50021,603,-22.94621,-43.25682,0.0,3462122,2.0.14,94
2023-02-21 13:25:28,A50021,603,-22.9462,-43.25681,0.0,3464719,2.0.14,94
2023-02-21 13:25:58,A50021,603,-22.9462,-43.25681,0.0,3467259,2.0.14,94
2023-02-21 13:26:28,A50021,603,-22.9462,-43.25681,0.0,3469813,2.0.14,94
2023-02-21 13:26:58,A50021,603,-22.9462,-43.25681,0.0,3472311,2.0.14,94
2023-02-21 13:27:28,A50021,603,-22.9462,-43.25681,0.0,3474927,2.0.14,94
2023-02-21 13:27:58,A50021,603,-22.9462,-43.25681,0.0,3477426,2.0.14,94
2023-02-21 13:28:28,A50021,603,-22.9462,-43.25681,0.0,3479907,2.0.14,94
2023-02-21 13:28:58,A50021,603,-22.9462,-43.25681,0.0,3482467,2.0.14,94
2023-02-21 13:29:28,A50021,603,-22.9462,-43.25681,0.0,3484939,2.0.14,94
2023-02-21 13:29:58,A50021,603,-22.9462,-43.25681,0.0,3487511,2.0.14,94
2023-02-21 13:30:28,A50021,603,-22.9462,-43.25679,0.0,3489955,2.0.14,90
2023-02-21 13:30:58,A50021,603,-22.9462,-43.25678,0.0,3492397,2.0.14,90
2023-02-21 13:31:28,A50021,603,-22.9462,-43.25678,0.0,3494895,2.0.14,90
2023-02-21 13:31:58,A50021,603,-22.9462,-43.25678,0.0,3497485,2.0.14,90
2023-02-21 13:32:28,A50021,603,-22.9462,-43.25678,0.0,3500049,2.0.14,90
2023-02-21 13:32:58,A50021,603,-22.94621,-43.25678,0.0,3502596,2.0.14,90
2023-02-21 13:33:28,A50021,603,-22.94621,-43.25678,0.0,3505173,2.0.14,90
2023-02-21 13:33:58,A50021,603,-22.94621,-43.25678,0.0,3507695,2.0.14,90
2023-02-21 13:34:28,A50021,603,-22.94633,-43.25692,3.333333333333333,3510292,2.0.14,92
2023-02-21 13:34:58,A50021,603,-22.94604,-43.25682,9.722222222222221,3512838,2.0.14,94
2023-02-21 13:35:28,A50021,603,-22.94321,-43.25489,11.38888888888889,3515403,2.0.14,70
2023-02-21 13:35:58,A50021,603,-22.94165,-43.25386,0.0,3517990,2.0.14,60
2023-02-21 13:36:28,A50021,603,-22.94072,-43.25365,4.166666666666667,3520595,2.0.14,54
2023-02-21 13:36:58,A50021,603,-22.9394,-43.25192,9.444444444444445,3523153,2.0.14,53
2023-02-21 13:37:28,A50021,603,-22.93879,-43.25014,8.61111111111111,3525702,2.0.14,49
2023-02-21 13:37:58,A50021,603,-22.93686,-43.24734,11.944444444444445,3528245,2.0.14,36
2023-02-21 13:38:28,A50021,603,-22.93563,-43.24614,5.833333333333333,3530852,2.0.14,35
2023-02-21 13:38:58,A50021,603,-22.93637,-43.24562,0.0,3533373,2.0.14,43
2023-02-21 13:39:28,A50021,603,-22.93657,-43.24548,0.0,3535982,2.0.14,42
2023-02-21 13:39:58,A50021,603,-22.9365,-43.24499,7.5,3538475,2.0.14,38
2023-02-21 13:40:28,A50021,603,-22.93542,-43.24378,5.0,3541015,2.0.14,30
2023-02-21 13:40:58,A50021,603,-22.93329,-43.24181,11.38888888888889,3543662,2.0.14,30
2023-02-21 13:41:28,A50021,603,-22.93289,-43.24139,0.0,3546195,2.0.14,37
2023-02-21 13:41:58,A50021,603,-22.93288,-43.24139,0.0,3548805,2.0.14,37
2023-02-21 13:42:28,A50021,603,-22.93288,-43.24139,0.0,3551386,2.0.14,37
2023-02-21 13:42:58,A50021,603,-22.93179,-43.23952,10.833333333333334,3554023,2.0.14,35
2023-02-21 13:43:28,A50021,603,-22.92934,-43.23721,12.5,3556617,2.0.14,33
2023-02-21 13:43:58,A50021,603,-22.92805,-43.23627,0.0,3559185,2.0.14,31
2023-02-21 13:44:28,A50021,603,-22.92605,-43.235,10.555555555555555,3561785,2.0.14,23
2023-02-21 13:44:58,A50021,603,-22.92399,-43.23246,10.833333333333334,3564325,2.0.14,21
2023-02-21 13:45:28,A50021,603,-22.92364,-43.23186,0.0,3566858,2.0.14,19
2023-02-21 13:45:58,A50021,603,-22.92364,-43.23187,0.0,3569413,2.0.14,19
2023-02-21 13:46:28,A50021,603,-22.92364,-43.23187,0.0,3571986,2.0.14,19
2023-02-21 13:46:58,A50021,603,-22.92364,-43.23187,0.0,3574527,2.0.14,19
2023-02-21 13:47:28,A50021,603,-22.92364,-43.23187,0.0,3577061,2.0.14,19
2023-02-21 13:47:58,A50021,603,-22.92364,-43.23187,0.0,3579584,2.0.14,19
2023-02-21 13:48:28,A50021,603,-22.92364,-43.23187,0.0,3582193,2.0.14,19
2023-02-21 13:48:58,A50021,603,-22.92364,-43.23187,0.0,3584767,2.0.14,19
2023-02-21 13:49:28,A50021,603,-22.92364,-43.23187,0.0,3587250,2.0.14,19
2023-02-21 13:49:58,A50021,603,-22.92364,-43.23187,0.0,3589826,2.0.14,19
2023-02-21 13:50:28,A50021,603,-22.92363,-43.23185,0.0,3592388,2.0.14,19
2023-02-21 13:50:58,A50021,603,-22.92364,-43.23184,0.0,3594987,2.0.14,19
2023-02-21 13:51:28,A50021,603,-22.92365,-43.23184,0.0,3597511,2.0.14,19
2023-02-21 13:51:58,A50021,603,-22.92366,-43.23184,0.0,3600055,2.0.14,19
2023-02-21 13:52:28,A50021,603,-22.92366,-43.23184,0.0,3602585,2.0.14,19
2023-02-21 13:52:58,A50021,603,-22.92366,-43.23184,0.0,3605167,2.0.14,19
2023-02-21 13:53:28,A50021,603,-22.92367,-43.23185,0.0,3607732,2.0.14,19
2023-02-21 13:53:58,A50021,603,-22.92327,-43.23065,0.0,3610271,2.0.14,24
2023-02-21 13:54:28,A50021,603,-22.92325,-43.23034,4.166666666666667,3612901,2.0.14,24
2023-02-21 13:54:58,A50021,603,-22.92284,-43.23027,0.0,3615516,2.0.14,25
2023-02-21 13:55:28,A50021,603,-22.92284,-43.23027,0.0,3618086,2.0.14,25
2023-02-21 13:55:58,A50021,603,-22.92232,-43.23089,8.88888888888889,3620576,2.0.14,22
2023-02-21 13:56:28,A50021,603,-22.92393,-43.23256,8.055555555555555,3623226,2.0.14,21
2023-02-21 13:56:58,A50021,603,-22.92441,-43.23324,0.0,3625730,2.0.14,37
2023-02-21 13:57:28,A50021,603,-22.92441,-43.23324,0.0,3628299,2.0.14,37
2023-02-21 13:57:58,A50021,603,-22.92546,-43.23465,0.0,3630965,2.0.14,26
2023-02-21 13:58:28,A50021,603,-22.92545,-43.23463,0.0,3633511,2.0.14,26
2023-02-21 13:58:58,A50021,603,-22.92611,-43.23511,0.0,3636097,2.0.14,23
2023-02-21 13:59:28,A50021,603,-22.92827,-43.23646,10.555555555555555,3638702,2.0.14,31
2023-02-21 13:59:58,A50021,603,-22.93013,-43.23758,10.0,3641253,2.0.14,33
2023-02-21 14:00:28,A50021,603,-22.93155,-43.23904,0.0,3643858,2.0.14,39
2023-02-21 14:00:58,A50021,603,-22.93222,-43.24064,3.888888888888889,3646444,2.0.14,29
2023-02-21 14:01:28,A50021,603,-22.93223,-43.24067,0.0,3648964,2.0.14,29
2023-02-21 14:01:58,A50021,603,-22.93223,-43.24068,0.0,3651543,2.0.14,29
2023-02-21 14:02:28,A50021,603,-22.93336,-43.24188,10.833333333333334,3654058,2.0.14,30
2023-02-21 14:02:58,A50021,603,-22.93505,-43.24345,0.0,3656638,2.0.14,34
2023-02-21 14:03:28,A50021,603,-22.93506,-43.24343,0.0,3659198,2.0.14,34
2023-02-21 14:03:58,A50021,603,-22.93579,-43.24433,9.444444444444445,3661750,2.0.14,36
2023-02-21 14:04:28,A50021,603,-22.9368,-43.24539,8.055555555555555,3664281,2.0.14,37
2023-02-21 14:04:58,A50021,603,-22.93691,-43.2461,1.9444444444444444,3666921,2.0.14,43
2023-02-21 14:05:28,A50021,603,-22.93639,-43.24683,6.388888888888888,3669477,2.0.14,39
2023-02-21 14:05:58,A50021,603,-22.93816,-43.24944,11.11111111111111,3672108,2.0.14,47
2023-02-21 14:06:28,A50021,603,-22.93916,-43.251,0.0,3674666,2.0.14,57
2023-02-21 14:06:58,A50021,603,-22.93941,-43.2517,7.777777777777778,3677222,2.0.14,51
2023-02-21 14:07:28,A50021,603,-22.93969,-43.25281,7.222222222222222,3679839,2.0.14,61
2023-02-21 14:07:58,A50021,603,-22.94032,-43.25363,3.0555555555555554,3682428,2.0.14,55
2023-02-21 14:08:28,A50021,603,-22.94198,-43.25413,6.388888888888888,3684963,2.0.14,59
2023-02-21 14:08:58,A50021,603,-22.94439,-43.25572,12.5,3687468,2.0.14,73
2023-02-21 14:09:28,A50021,603,-22.9462,-43.25676,3.611111111111111,3690067,2.0.14,90
2023-02-21 14:09:58,A50021,603,-22.94626,-43.25686,0.0,3692574,2.0.14,92
2023-02-21 14:10:28,A50021,603,-22.94626,-43.25686,0.0,3695078,2.0.14,92
2023-02-21 14:10:58,A50021,603,-22.94626,-43.25686,0.0,3697571,2.0.14,92
2023-02-21 14:11:28,A50021,603,-22.94626,-43.25686,0.0,3700105,2.0.14,92
2023-02-21 14:11:58,A50021,603,-22.94626,-43.25686,0.0,3702719,2.0.14,92
2023-02-21 14:12:28,A50021,603,-22.94625,-43.25686,0.0,3705301,2.0.14,92
2023-02-21 14:12:58,A50021,603,-22.94626,-43.25686,0.0,3707878,2.0.14,92
2023-02-21 14:13:28,A50021,603,-22.94626,-43.25686,0.0,3710430,2.0.14,92
2023-02-21 14:13:58,A50021,603,-22.94625,-43.25686,0.0,3713002,2.0.14,92
2023-02-21 14:14:28,A50021,603,-22.94625,-43.25687,0.0,3715593,2.0.14,92
2023-02-21 14:14:58,A50021,603,-22.94625,-43.25687,0.0,3718027,2.0.14,92
2023-02-21 14:15:28,A50021,603,-22.94625,-43.25687,0.0,3720563,2.0.14,92
2023-02-21 14:15:58,A50021,603,-22.94625,-43.25687,0.0,3723263,2.0.14,92
2023-02-21 14:16:28,A50021,603,-22.94625,-43.25687,0.0,3725836,2.0.14,92
2023-02-21 14:16:58,A50021,603,-22.94624,-43.25686,0.0,3728469,2.0.14,94
2023-02-21 14:17:28,A50021,603,-22.94624,-43.25686,0.0,3731084,2.0.14,94
2023-02-21 14:17:58,A50021,603,-22.94623,-43.25686,0.0,3733629,2.0.14,94
2023-02-21 14:18:28,A50021,603,-22.94623,-43.25686,0.0,3736196,2.0.14,94
2023-02-21 14:18:58,A50021,603,-22.94623,-43.25686,0.0,3738806,2.0.14,94
2023-02-21 14:19:28,A50021,603,-22.94623,-43.25686,0.0,3741353,2.0.14,94
2023-02-21 14:19:58,A50021,603,-22.94623,-43.25686,0.0,3743993,2.0.14,94
2023-02-21 14:20:28,A50021,603,-22.94653,-43.25713,2.7777777777777777,3746503,2.0.14,95
2023-02-21 14:20:58,A50021,603,-22.94477,-43.25597,7.222222222222222,3749130,2.0.14,77
2023-02-21 14:21:28,A50021,603,-22.94241,-43.25438,7.5,3751788,2.0.14,63
2023-02-21 14:21:58,A50021,603,-22.94155,-43.25383,5.277777777777778,3754392,2.0.14,60
2023-02-21 14:22:28,A50021,603,-22.93991,-43.25327,9.166666666666666,3756908,2.0.14,55
2023-02-21 14:22:58,A50021,603,-22.9393,-43.2511,5.833333333333333,3759590,2.0.14,57
2023-02-21 14:23:28,A50021,603,-22.93907,-43.25088,4.166666666666667,3762181,2.0.14,56
2023-02-21 14:23:58,A50021,603,-22.93836,-43.24956,8.055555555555555,3764691,2.0.14,41
2023-02-21 14:24:28,A50021,603,-22.93663,-43.24704,10.277777777777777,3767245,2.0.14,38
2023-02-21 14:24:58,A50021,603,-22.93566,-43.24605,5.555555555555555,3769831,2.0.14,35
2023-02-21 14:25:28,A50021,603,-22.93631,-43.2455,0.0,3772279,2.0.14,43
2023-02-21 14:25:58,A50021,603,-22.93564,-43.244,6.388888888888888,3774802,2.0.14,30
2023-02-21 14:26:28,A50021,603,-22.93398,-43.24234,0.0,3777407,2.0.14,33
2023-02-21 14:26:58,A50021,603,-22.93287,-43.24136,0.0,3779934,2.0.14,37
2023-02-21 14:27:28,A50021,603,-22.93287,-43.24136,0.0,3782489,2.0.14,37
2023-02-21 14:27:58,A50021,603,-22.93285,-43.24137,0.0,3784999,2.0.14,37
2023-02-21 14:28:28,A50021,603,-22.9321,-43.24025,0.0,3787614,2.0.14,30
2023-02-21 14:28:58,A50021,603,-22.93118,-43.23848,10.277777777777777,3790099,2.0.14,29
2023-02-21 14:29:28,A50021,603,-22.93009,-43.23767,0.0,3792718,2.0.14,34
2023-02-21 14:29:58,A50021,603,-22.93009,-43.23768,0.0,3795252,2.0.14,34
2023-02-21 14:30:28,A50021,603,-22.92855,-43.23663,11.11111111111111,3797716,2.0.14,31
2023-02-21 14:30:58,A50021,603,-22.92818,-43.23634,0.0,3800319,2.0.14,31
2023-02-21 14:31:28,A50021,603,-22.92615,-43.23502,12.222222222222221,3802812,2.0.14,23
2023-02-21 14:31:58,A50021,603,-22.92396,-43.23238,11.11111111111111,3805336,2.0.14,21
2023-02-21 14:32:28,A50021,603,-22.9237,-43.23181,0.0,3807846,2.0.14,19
2023-02-21 14:32:58,A50021,603,-22.9237,-43.23181,0.0,3810466,2.0.14,19
2023-02-21 14:33:28,A50021,603,-22.9237,-43.23181,0.0,3813026,2.0.14,19
2023-02-21 14:33:58,A50021,603,-22.9237,-43.23181,0.0,3815541,2.0.14,19
2023-02-21 14:34:28,A50021,603,-22.9237,-43.23181,0.0,3818123,2.0.14,19
2023-02-21 14:34:58,A50021,603,-22.9237,-43.23181,0.0,3820683,2.0.14,19
2023-02-21 14:35:28,A50021,603,-22.9237,-43.23181,0.0,3823187,2.0.14,19
2023-02-21 14:35:58,A50021,603,-22.9237,-43.23181,0.0,3825782,2.0.14,19
2023-02-21 14:36:28,A50021,603,-22.9237,-43.23181,0.0,3828345,2.0.14,19
2023-02-21 14:36:58,A50021,603,-22.9237,-43.23181,0.0,3830883,2.0.14,19
2023-02-21 14:37:28,A50021,603,-22.9237,-43.23181,0.0,3833447,2.0.14,19
2023-02-21 14:37:58,A50021,603,-22.9237,-43.23181,0.0,3836012,2.0.14,19
2023-02-21 14:38:28,A50021,603,-22.9237,-43.23181,0.0,3838499,2.0.14,19
2023-02-21 14:38:58,A50021,603,-22.9237,-43.23181,0.0,3840925,2.0.14,19
2023-02-21 14:39:28,A50021,603,-22.9237,-43.23181,0.0,3843512,2.0.14,19
2023-02-21 14:39:58,A50021,603,-22.9237,-43.23181,0.0,3846058,2.0.14,19
2023-02-21 14:40:28,A50021,603,-22.9237,-43.23181,0.0,3848633,2.0.14,19
2023-02-21 14:40:58,A50021,603,-22.9237,-43.23181,0.0,3851158,2.0.14,19
2023-02-21 14:41:28,A50021,603,-22.9237,-43.23181,0.0,3853658,2.0.14,19
2023-02-21 14:41:58,A50021,603,-22.9237,-43.23181,0.0,3856120,2.0.14,19
2023-02-21 14:42:28,A50021,603,-22.9237,-43.23181,0.0,3858637,2.0.14,19
2023-02-21 14:42:58,A50021,603,-22.9237,-43.23181,0.0,3861138,2.0.14,19
2023-02-21 14:43:28,A50021,603,-22.9237,-43.23181,0.0,3863591,2.0.14,19
2023-02-21 14:43:58,A50021,603,-22.9235,-43.23158,6.388888888888888,3866186,2.0.14,21
2023-02-21 14:44:28,A50021,603,-22.92311,-43.23025,6.666666666666666,3868715,2.0.14,22
2023-02-21 14:44:58,A50021,603,-22.92278,-43.23027,0.0,3871187,2.0.14,25
2023-02-21 14:45:28,A50021,603,-22.92278,-43.23027,0.0,3873613,2.0.14,25
2023-02-21 14:45:58,A50021,603,-22.92328,-43.23153,9.722222222222221,3876151,2.0.14,22
2023-02-21 14:46:28,A50021,603,-22.92344,-43.23177,0.0,3878670,2.0.14,22
2023-02-21 14:46:58,A50021,603,-22.92427,-43.23291,7.777777777777778,3881198,2.0.14,27
2023-02-21 14:47:28,A50021,603,-22.92452,-43.23327,0.0,3883664,2.0.14,37
2023-02-21 14:47:58,A50021,603,-22.92481,-43.23368,7.222222222222222,3886160,2.0.14,31
2023-02-21 14:48:28,A50021,603,-22.92555,-43.23468,0.0,3888665,2.0.14,26
2023-02-21 14:48:58,A50021,603,-22.92614,-43.23516,5.555555555555555,3891146,2.0.14,26
2023-02-21 14:49:28,A50021,603,-22.92745,-43.23603,5.555555555555555,3893601,2.0.14,32
2023-02-21 14:49:58,A50021,603,-22.92986,-43.23737,11.666666666666666,3896078,2.0.14,34
2023-02-21 14:50:28,A50021,603,-22.93144,-43.23906,0.0,3898601,2.0.14,35
2023-02-21 14:50:58,A50021,603,-22.93224,-43.24062,0.0,3901137,2.0.14,29
2023-02-21 14:51:28,A50021,603,-22.93224,-43.24062,0.0,3903566,2.0.14,29
2023-02-21 14:51:58,A50021,603,-22.93224,-43.24063,0.0,3906065,2.0.14,29
2023-02-21 14:52:28,A50021,603,-22.9338,-43.24223,9.722222222222221,3908603,2.0.14,33
2023-02-21 14:52:58,A50021,603,-22.93547,-43.2439,7.777777777777778,3911117,2.0.14,30
2023-02-21 14:53:28,A50021,603,-22.9364,-43.245,0.0,3913668,2.0.14,38
2023-02-21 14:53:58,A50021,603,-22.93652,-43.2451,4.444444444444445,3916166,2.0.14,38
2023-02-21 14:54:28,A50021,603,-22.93652,-43.24631,5.833333333333333,3918683,2.0.14,40
2023-02-21 14:54:58,A50021,603,-22.93661,-43.247,5.0,3921097,2.0.14,38
2023-02-21 14:55:28,A50021,603,-22.93732,-43.2479,10.0,3923632,2.0.14,36
2023-02-21 14:55:58,A50021,603,-22.93883,-43.25021,7.5,3925978,2.0.14,49
2023-02-21 14:56:28,A50021,603,-22.93912,-43.25095,0.0,3928540,2.0.14,56
2023-02-21 14:56:58,A50021,603,-22.93988,-43.25316,6.388888888888888,3931001,2.0.14,55
2023-02-21 14:57:28,A50021,603,-22.94017,-43.25354,5.833333333333333,3933474,2.0.14,55
2023-02-21 14:57:58,A50021,603,-22.94121,-43.25363,0.0,3935912,2.0.14,55
2023-02-21 14:58:28,A50021,603,-22.94235,-43.25433,8.333333333333334,3938469,2.0.14,61
2023-02-21 14:58:58,A50021,603,-22.94329,-43.25496,0.0,3940907,2.0.14,70
2023-02-21 14:59:28,A50021,603,-22.94514,-43.2562,8.88888888888889,3943495,2.0.14,84
2023-02-21 14:59:58,A50021,603,-22.94631,-43.25691,0.0,3945975,2.0.14,92
2023-02-21 15:00:28,A50021,603,-22.94631,-43.2569,0.0,3948427,2.0.14,92
2023-02-21 15:00:58,A50021,603,-22.94631,-43.2569,0.0,3950987,2.0.14,92
2023-02-21 15:01:28,A50021,603,-22.94631,-43.2569,0.0,3953486,2.0.14,92
2023-02-21 15:01:58,A50021,603,-22.94631,-43.2569,0.0,3955987,2.0.14,92
2023-02-21 15:02:28,A50021,603,-22.94631,-43.2569,0.0,3958458,2.0.14,92
2023-02-21 15:02:58,A50021,603,-22.94631,-43.2569,0.0,3960937,2.0.14,92
2023-02-21 15:03:28,A50021,603,-22.94631,-43.2569,0.0,3963465,2.0.14,92
2023-02-21 15:03:58,A50021,603,-22.94631,-43.2569,0.0,3965911,2.0.14,92
2023-02-21 15:04:28,A50021,603,-22.94631,-43.2569,0.0,3968448,2.0.14,92
2023-02-21 15:04:58,A50021,603,-22.94631,-43.2569,0.0,3970969,2.0.14,92
2023-02-21 15:05:28,A50021,603,-22.9463,-43.2569,0.0,3973475,2.0.14,92
2023-02-21 15:05:58,A50021,603,-22.9463,-43.2569,0.0,3975957,2.0.14,92
2023-02-21 15:06:28,A50021,603,-22.94629,-43.25689,0.0,3978462,2.0.14,92
2023-02-21 15:06:58,A50021,603,-22.94629,-43.25689,0.0,3980943,2.0.14,92
2023-02-21 15:07:28,A50021,603,-22.94629,-43.25689,0.0,3983453,2.0.14,92
2023-02-21 15:07:58,A50021,603,-22.94629,-43.25689,0.0,3985887,2.0.14,92
2023-02-21 15:08:28,A50021,603,-22.94629,-43.25689,0.0,3988460,2.0.14,92
2023-02-21 15:08:58,A50021,603,-22.9463,-43.25689,0.0,3990890,2.0.14,92
2023-02-21 15:09:28,A50021,603,-22.9463,-43.25689,0.0,3993427,2.0.14,92
2023-02-21 15:09:58,A50021,603,-22.9463,-43.25689,0.0,3995919,2.0.14,92
2023-02-21 15:10:28,A50021,603,-22.9463,-43.25689,0.0,3998331,2.0.14,92
2023-02-21 15:10:58,A50021,603,-22.9463,-43.25689,0.0,4000722,2.0.14,92
2023-02-21 15:11:28,A50021,603,-22.94652,-43.25709,2.5,4003242,2.0.14,96
2023-02-21 15:11:58,A50021,603,-22.94541,-43.25635,8.333333333333334,4005653,2.0.14,84
2023-02-21 15:12:28,A50021,603,-22.94363,-43.25518,10.277777777777777,4008157,2.0.14,75
2023-02-21 15:12:58,A50021,603,-22.94171,-43.25391,0.0,4010590,2.0.14,60
2023-02-21 15:13:28,A50021,603,-22.94054,-43.25362,10.0,4013133,2.0.14,55
2023-02-21 15:13:58,A50021,603,-22.93949,-43.25152,8.61111111111111,4015593,2.0.14,51
2023-02-21 15:14:28,A50021,603,-22.9381,-43.24912,12.777777777777777,4018025,2.0.14,43
2023-02-21 15:14:58,A50021,603,-22.93626,-43.24665,9.722222222222221,4020581,2.0.14,39
2023-02-21 15:15:28,A50021,603,-22.93614,-43.24586,5.555555555555555,4022972,2.0.14,40
2023-02-21 15:15:58,A50021,603,-22.93662,-43.24543,0.0,4025522,2.0.14,42
2023-02-21 15:16:28,A50021,603,-22.93666,-43.24541,0.0,4028002,2.0.14,37
2023-02-21 15:16:58,A50021,603,-22.93667,-43.2454,0.0,4030578,2.0.14,37
2023-02-21 15:17:28,A50021,603,-22.93676,-43.2453,4.166666666666667,4033071,2.0.14,37
2023-02-21 15:17:58,A50021,603,-22.93518,-43.24353,10.833333333333334,4035509,2.0.14,31
2023-02-21 15:18:28,A50021,603,-22.93269,-43.24123,12.777777777777777,4038017,2.0.14,39
2023-02-21 15:18:58,A50021,603,-22.93125,-43.23867,12.222222222222221,4040548,2.0.14,30
2023-02-21 15:19:28,A50021,603,-22.92998,-43.23753,0.0,4043039,2.0.14,33
2023-02-21 15:19:58,A50021,603,-22.92966,-43.2374,7.5,4045532,2.0.14,34
2023-02-21 15:20:28,A50021,603,-22.92803,-43.23631,0.0,4047966,2.0.14,31
2023-02-21 15:20:58,A50021,603,-22.92803,-43.23631,0.0,4050479,2.0.14,31
2023-02-21 15:21:28,A50021,603,-22.92635,-43.23523,11.11111111111111,4052967,2.0.14,29
2023-02-21 15:21:58,A50021,603,-22.92432,-43.23292,10.0,4055506,2.0.14,32
2023-02-21 15:22:28,A50021,603,-22.92372,-43.23192,0.0,4057933,2.0.14,19
2023-02-21 15:22:58,A50021,603,-22.92372,-43.23192,0.0,4060463,2.0.14,19
2023-02-21 15:23:28,A50021,603,-22.92372,-43.23192,0.0,4062915,2.0.14,19
2023-02-21 15:23:58,A50021,603,-22.92372,-43.23192,0.0,4065429,2.0.14,19
2023-02-21 15:24:28,A50021,603,-22.92372,-43.23192,0.0,4067927,2.0.14,19
2023-02-21 15:24:58,A50021,603,-22.92372,-43.23192,0.0,4070435,2.0.14,19
2023-02-21 15:25:28,A50021,603,-22.92372,-43.23192,0.0,4072941,2.0.14,19
2023-02-21 15:25:58,A50021,603,-22.92372,-43.23192,0.0,4075514,2.0.14,19
2023-02-21 15:26:28,A50021,603,-22.92372,-43.23192,0.0,4078008,2.0.14,19
2023-02-21 15:26:58,A50021,603,-22.92372,-43.23192,0.0,4080419,2.0.14,19
2023-02-21 15:27:28,A50021,603,-22.92372,-43.23192,0.0,4082880,2.0.14,19
2023-02-21 15:27:58,A50021,603,-22.92372,-43.23192,0.0,4085343,2.0.14,19
2023-02-21 15:28:28,A50021,603,-22.92372,-43.23192,0.0,4087914,2.0.14,19
2023-02-21 15:28:58,A50021,603,-22.92372,-43.23192,0.0,4090452,2.0.14,19
2023-02-21 15:29:28,A50021,603,-22.92323,-43.23134,9.722222222222221,4092931,2.0.14,22
2023-02-21 15:29:58,A50021,603,-22.92261,-43.23044,3.0555555555555554,4095347,2.0.14,27
2023-02-21 15:30:28,A50021,603,-22.92299,-43.23098,0.0,4097853,2.0.14,20
2023-02-21 15:30:58,A50021,603,-22.92343,-43.23172,8.61111111111111,4100348,2.0.14,22
2023-02-21 15:31:28,A50021,603,-22.92509,-43.23401,13.055555555555555,4102762,2.0.14,27
2023-02-21 15:31:58,A50021,603,-22.92762,-43.23609,5.833333333333333,4105223,2.0.14,32
2023-02-21 15:32:28,A50021,603,-22.92768,-43.23616,0.0,4107706,2.0.14,31
2023-02-21 15:32:58,A50021,603,-22.92928,-43.23704,10.555555555555555,4110216,2.0.14,33
2023-02-21 15:33:28,A50021,603,-22.92921,-43.23902,8.055555555555555,4112651,2.0.14,29
2023-02-21 15:33:58,A50021,603,-22.92658,-43.24005,11.666666666666666,4115180,2.0.14,25
2023-02-21 15:34:28,A50021,603,-22.92411,-43.24064,5.0,4117633,2.0.14,24
2023-02-21 15:34:58,A50021,603,-22.9248,-43.2435,12.222222222222221,4120125,2.0.14,24
2023-02-21 15:35:28,A50021,603,-22.92578,-43.24517,0.0,4122606,2.0.14,28
2023-02-21 15:35:58,A50021,603,-22.92578,-43.24517,0.0,4125164,2.0.14,28
2023-02-21 15:36:28,A50021,603,-22.92514,-43.24587,9.166666666666666,4127593,2.0.14,25
2023-02-21 15:36:58,A50021,603,-22.92411,-43.24653,5.833333333333333,4130072,2.0.14,23
2023-02-21 15:37:28,A50021,603,-22.9227,-43.24745,0.0,4132550,2.0.14,30
2023-02-21 15:37:58,A50021,603,-22.92244,-43.24809,6.388888888888888,4135042,2.0.14,27
2023-02-21 15:38:28,A50021,603,-22.92345,-43.25005,7.5,4137559,2.0.14,20
2023-02-21 15:38:58,A50021,603,-22.92437,-43.2521,8.333333333333334,4139958,2.0.14,29
2023-02-21 15:39:28,A50021,603,-22.92577,-43.25396,6.666666666666666,4142439,2.0.14,30
2023-02-21 15:39:58,A50021,603,-22.92591,-43.25406,0.0,4144915,2.0.14,32
2023-02-21 15:40:28,A50021,603,-22.92695,-43.25359,6.666666666666666,4147408,2.0.14,33
2023-02-21 15:40:58,A50021,603,-22.92899,-43.25498,9.166666666666666,4149899,2.0.14,31
2023-02-21 15:41:28,A50021,603,-22.93064,-43.25568,5.0,4152324,2.0.14,38
2023-02-21 15:41:58,A50021,603,-22.93074,-43.25413,8.055555555555555,4154814,2.0.14,41
2023-02-21 15:42:28,A50021,603,-22.92966,-43.25348,3.611111111111111,4157289,2.0.14,33
2023-02-21 15:42:58,A50021,603,-22.92945,-43.25342,0.0,4159798,2.0.14,33
2023-02-21 15:43:28,A50021,603,-22.92945,-43.25342,0.0,4162259,2.0.14,33
2023-02-21 15:43:58,A50021,603,-22.92945,-43.25342,0.0,4164763,2.0.14,33
2023-02-21 15:44:28,A50021,603,-22.92945,-43.25342,0.0,4167242,2.0.14,33
2023-02-21 15:44:58,A50021,603,-22.92945,-43.25342,0.0,4169733,2.0.14,33
2023-02-21 15:45:28,A50021,603,-22.92945,-43.25342,0.0,4172229,2.0.14,33
2023-02-21 15:45:47,A50021,603,-22.92945,-43.25342,0.0,4173875,2.0.14,33
2023-02-21 16:15:47,A50021,603,-22.92942,-43.25346,0.0,4322849,2.0.14,33
2023-02-21 16:45:47,A50021,603,-22.92937,-43.25354,0.0,4471257,2.0.14,32
2023-02-21 17:15:47,A50021,603,-22.92946,-43.25356,0.0,4617888,2.0.14,32
2023-02-21 17:45:47,A50021,603,-22.92957,-43.25351,0.0,4764458,2.0.14,32
2023-02-21 18:12:14,A50021,603,-22.92956,-43.25353,0.0,4894310,2.0.14,32
2023-02-21 18:12:44,A50021,603,-22.92954,-43.25351,0.0,4896772,2.0.14,32
2023-02-21 18:13:14,A50021,603,-22.92954,-43.2535,0.0,4899232,2.0.14,32
2023-02-21 18:13:44,A50021,603,-22.92955,-43.25351,0.0,4901721,2.0.14,32
2023-02-21 18:14:14,A50021,603,-22.92954,-43.25351,0.0,4904169,2.0.14,32
2023-02-21 18:14:44,A50021,603,-22.92954,-43.2535,0.0,4906693,2.0.14,32
2023-02-21 18:15:14,A50021,603,-22.92954,-43.2535,0.0,4909124,2.0.14,32
2023-02-21 18:15:44,A50021,603,-22.92954,-43.2535,0.0,4911613,2.0.14,32
2023-02-21 18:16:14,A50021,603,-22.92954,-43.2535,0.0,4914084,2.0.14,32
2023-02-21 18:16:44,A50021,603,-22.92954,-43.2535,0.0,4916571,2.0.14,32
2023-02-21 18:17:14,A50021,603,-22.92954,-43.2535,0.0,4919044,2.0.14,32
2023-02-21 18:17:44,A50021,603,-22.92954,-43.25349,0.0,4921505,2.0.14,32
2023-02-21 18:18:14,A50021,603,-22.92954,-43.25349,0.0,4923893,2.0.14,32
2023-02-21 18:18:44,A50021,603,-22.92954,-43.25349,0.0,4926275,2.0.14,32
2023-02-21 18:19:14,A50021,603,-22.92954,-43.25349,0.0,4928716,2.0.14,32
2023-02-21 18:19:44,A50021,603,-22.92954,-43.25349,0.0,4931133,2.0.14,32
2023-02-21 18:20:14,A50021,603,-22.92954,-43.25349,0.0,4933647,2.0.14,32
2023-02-21 18:20:44,A50021,603,-22.92956,-43.25351,0.0,4936140,2.0.14,32
2023-02-21 18:21:14,A50021,603,-22.92956,-43.25352,0.0,4938598,2.0.14,32
2023-02-21 18:21:44,A50021,603,-22.92955,-43.25352,0.0,4941025,2.0.14,32
2023-02-21 18:22:14,A50021,603,-22.92954,-43.25352,0.0,4943510,2.0.14,32
2023-02-21 18:22:44,A50021,603,-22.92953,-43.25352,0.0,4945947,2.0.14,32
2023-02-21 18:23:14,A50021,603,-22.92953,-43.25352,0.0,4948361,2.0.14,32
2023-02-21 18:23:44,A50021,603,-22.92953,-43.25352,0.0,4950817,2.0.14,32
2023-02-21 18:24:14,A50021,603,-22.92953,-43.25352,0.0,4953238,2.0.14,32
2023-02-21 18:24:44,A50021,603,-22.92953,-43.25352,0.0,4955710,2.0.14,32
2023-02-21 18:25:14,A50021,603,-22.92953,-43.25352,0.0,4958185,2.0.14,32
2023-02-21 18:25:44,A50021,603,-22.92952,-43.25351,0.0,4960686,2.0.14,32
2023-02-21 18:26:14,A50021,603,-22.92951,-43.2535,0.0,4963115,2.0.14,32
2023-02-21 18:26:44,A50021,603,-22.9295,-43.2535,0.0,4965529,2.0.14,32
2023-02-21 18:27:14,A50021,603,-22.9295,-43.2535,0.0,4967936,2.0.14,32
2023-02-21 18:27:44,A50021,603,-22.9295,-43.2535,0.0,4970367,2.0.14,32
2023-02-21 18:28:14,A50021,603,-22.92951,-43.2535,0.0,4972823,2.0.14,32
2023-02-21 18:28:44,A50021,603,-22.9295,-43.25351,0.0,4975244,2.0.14,32
2023-02-21 18:29:14,A50021,603,-22.92949,-43.25351,0.0,4977633,2.0.14,32
2023-02-21 18:29:44,A50021,603,-22.92949,-43.25351,0.0,4980032,2.0.14,32
2023-02-21 18:30:14,A50021,603,-22.92949,-43.25351,0.0,4982473,2.0.14,32
2023-02-21 18:30:44,A50021,603,-22.92949,-43.25351,0.0,4984927,2.0.14,32
2023-02-21 18:31:14,A50021,603,-22.92949,-43.25352,0.0,4987370,2.0.14,32
2023-02-21 18:31:44,A50021,603,-22.9295,-43.25352,0.0,4989852,2.0.14,32
2023-02-21 18:32:14,A50021,603,-22.9295,-43.25352,0.0,4992285,2.0.14,32
2023-02-21 18:32:44,A50021,603,-22.9295,-43.25351,0.0,4994667,2.0.14,32
2023-02-21 18:33:14,A50021,603,-22.9295,-43.25351,0.0,4997188,2.0.14,32
2023-02-21 18:33:44,A50021,603,-22.9295,-43.25351,0.0,4999583,2.0.14,32
2023-02-21 18:34:14,A50021,603,-22.9295,-43.25351,0.0,5002028,2.0.14,32
2023-02-21 18:34:44,A50021,603,-22.9295,-43.25351,0.0,5004491,2.0.14,32
2023-02-21 18:35:14,A50021,603,-22.9295,-43.25351,0.0,5006898,2.0.14,32
2023-02-21 18:35:44,A50021,603,-22.92956,-43.25354,0.0,5009366,2.0.14,32
2023-02-21 18:36:14,A50021,603,-22.92957,-43.25355,0.0,5011840,2.0.14,32
2023-02-21 18:36:44,A50021,603,-22.92957,-43.25355,0.0,5014372,2.0.14,32
2023-02-21 18:37:14,A50021,603,-22.92957,-43.25355,0.0,5016878,2.0.14,32
2023-02-21 18:37:44,A50021,603,-22.92957,-43.25356,0.0,5019412,2.0.14,32
2023-02-21 18:38:14,A50021,603,-22.92957,-43.25356,0.0,5021919,2.0.14,32
2023-02-21 18:38:44,A50021,603,-22.92957,-43.25355,0.0,5024366,2.0.14,32
2023-02-21 18:39:14,A50021,603,-22.92957,-43.25355,0.0,5026865,2.0.14,32
2023-02-21 18:39:44,A50021,603,-22.92959,-43.25356,0.0,5029377,2.0.14,33
2023-02-21 18:40:14,A50021,603,-22.92959,-43.25356,0.0,5031851,2.0.14,33
2023-02-21 18:40:44,A50021,603,-22.92959,-43.25356,0.0,5034344,2.0.14,33
2023-02-21 18:41:14,A50021,603,-22.92959,-43.25356,0.0,5036884,2.0.14,33
2023-02-21 18:41:44,A50021,603,-22.92959,-43.25356,0.0,5039378,2.0.14,33
2023-02-21 18:42:14,A50021,603,-22.92959,-43.25356,0.0,5041793,2.0.14,33
2023-02-21 18:42:44,A50021,603,-22.92959,-43.25356,0.0,5044219,2.0.14,33
2023-02-21 18:43:14,A50021,603,-22.92959,-43.25356,0.0,5046685,2.0.14,33
2023-02-21 18:43:44,A50021,603,-22.9296,-43.25355,0.0,5049101,2.0.14,33
2023-02-21 18:44:14,A50021,603,-22.92959,-43.25354,0.0,5051592,2.0.14,33
2023-02-21 18:44:44,A50021,603,-22.92959,-43.25353,0.0,5054069,2.0.14,33
2023-02-21 18:45:14,A50021,603,-22.92959,-43.25353,0.0,5056540,2.0.14,33
2023-02-21 18:45:44,A50021,603,-22.92959,-43.25353,0.0,5058995,2.0.14,33
2023-02-21 18:46:14,A50021,603,-22.92959,-43.25353,0.0,5061483,2.0.14,33
2023-02-21 18:46:44,A50021,603,-22.92959,-43.25353,0.0,5063951,2.0.14,33
2023-02-21 18:47:14,A50021,603,-22.92959,-43.25353,0.0,5066380,2.0.14,33
2023-02-21 18:47:44,A50021,603,-22.92959,-43.25353,0.0,5068857,2.0.14,33
2023-02-21 18:48:14,A50021,603,-22.92959,-43.25353,0.0,5071254,2.0.14,33
2023-02-21 18:48:44,A50021,603,-22.92959,-43.25351,0.0,5073676,2.0.14,33
2023-02-21 18:49:14,A50021,603,-22.92958,-43.2535,0.0,5076071,2.0.14,32
2023-02-21 18:49:44,A50021,603,-22.92945,-43.25359,0.0,5078549,2.0.14,32
2023-02-21 18:50:14,A50021,603,-22.92941,-43.25357,0.0,5081020,2.0.14,32
2023-02-21 18:50:44,A50021,603,-22.92939,-43.25357,0.0,5083373,2.0.14,32
2023-02-21 18:51:14,A50021,603,-22.92939,-43.25357,0.0,5085826,2.0.14,32
2023-02-21 18:51:44,A50021,603,-22.92939,-43.25357,0.0,5088289,2.0.14,32
2023-02-21 18:52:14,A50021,603,-22.92938,-43.25359,0.0,5090701,2.0.14,32
2023-02-21 18:52:44,A50021,603,-22.92938,-43.25359,0.0,5093158,2.0.14,32
2023-02-21 18:53:14,A50021,603,-22.92938,-43.25359,0.0,5095645,2.0.14,32
2023-02-21 18:53:44,A50021,603,-22.92938,-43.25359,0.0,5098055,2.0.14,32
2023-02-21 18:54:14,A50021,603,-22.92938,-43.25359,0.0,5100539,2.0.14,32
2023-02-21 18:54:44,A50021,603,-22.92938,-43.25359,0.0,5103019,2.0.14,32
2023-02-21 18:55:14,A50021,603,-22.92938,-43.25359,0.0,5105440,2.0.14,32
2023-02-21 18:55:44,A50021,603,-22.92938,-43.25359,0.0,5107894,2.0.14,32
2023-02-21 18:56:14,A50021,603,-22.92937,-43.2536,0.0,5110347,2.0.14,32
2023-02-21 18:56:44,A50021,603,-22.92936,-43.25362,0.0,5112736,2.0.14,32
2023-02-21 18:57:14,A50021,603,-22.92936,-43.25362,0.0,5115203,2.0.14,32
2023-02-21 18:57:44,A50021,603,-22.92936,-43.25362,0.0,5117634,2.0.14,32
2023-02-21 18:58:14,A50021,603,-22.92936,-43.25362,0.0,5120104,2.0.14,32
2023-02-21 18:58:44,A50021,603,-22.92936,-43.25362,0.0,5122548,2.0.14,32
2023-02-21 18:59:14,A50021,603,-22.92936,-43.25362,0.0,5125031,2.0.14,32
2023-02-21 18:59:44,A50021,603,-22.92936,-43.25362,0.0,5127431,2.0.14,32
2023-02-21 19:00:14,A50021,603,-22.92936,-43.25362,0.0,5129923,2.0.14,32
2023-02-21 19:00:44,A50021,603,-22.92937,-43.25362,0.0,5132389,2.0.14,32
2023-02-21 19:01:14,A50021,603,-22.92937,-43.25362,0.0,5134822,2.0.14,32
2023-02-21 19:01:44,A50021,603,-22.92937,-43.25362,0.0,5137284,2.0.14,32
2023-02-21 19:02:14,A50021,603,-22.92937,-43.25362,0.0,5139722,2.0.14,32
2023-02-21 19:02:44,A50021,603,-22.92937,-43.25363,0.0,5142143,2.0.14,32
2023-02-21 19:03:14,A50021,603,-22.92936,-43.25362,0.0,5144604,2.0.14,32
2023-02-21 19:03:44,A50021,603,-22.9292,-43.25388,0.0,5147084,2.0.14,32
2023-02-21 19:04:14,A50021,603,-22.9292,-43.25388,0.0,5149434,2.0.14,32
2023-02-21 19:04:44,A50021,603,-22.9292,-43.25388,0.0,5151892,2.0.14,32
2023-02-21 19:05:14,A50021,603,-22.9292,-43.25388,0.0,5154336,2.0.14,32
2023-02-21 19:05:44,A50021,603,-22.9292,-43.25388,0.0,5156681,2.0.14,32
2023-02-21 19:06:14,A50021,603,-22.9292,-43.25388,0.0,5159126,2.0.14,32
2023-02-21 19:06:44,A50021,603,-22.9292,-43.25388,0.0,5161571,2.0.14,32
2023-02-21 19:07:14,A50021,603,-22.9292,-43.25388,0.0,5164042,2.0.14,32
2023-02-21 19:07:44,A50021,603,-22.9292,-43.25388,0.0,5166508,2.0.14,32
2023-02-21 19:08:14,A50021,603,-22.9292,-43.25388,0.0,5168952,2.0.14,32
2023-02-21 19:08:44,A50021,603,-22.9292,-43.25388,0.0,5171384,2.0.14,32
2023-02-21 19:09:14,A50021,603,-22.9292,-43.25388,0.0,5173846,2.0.14,32
2023-02-21 19:09:44,A50021,603,-22.9292,-43.25388,0.0,5176264,2.0.14,32
2023-02-21 19:10:14,A50021,603,-22.9292,-43.25388,0.0,5178653,2.0.14,32
2023-02-21 19:10:44,A50021,603,-22.9292,-43.25388,0.0,5181118,2.0.14,32
2023-02-21 19:11:14,A50021,603,-22.9292,-43.25388,0.0,5183599,2.0.14,32
2023-02-21 19:11:44,A50021,603,-22.9292,-43.25388,0.0,5185992,2.0.14,32
2023-02-21 19:12:14,A50021,603,-22.9292,-43.25388,0.0,5188480,2.0.14,32
2023-02-21 19:12:44,A50021,603,-22.9292,-43.25388,0.0,5190901,2.0.14,32
2023-02-21 19:13:14,A50021,603,-22.9292,-43.25388,0.0,5193464,2.0.14,32
2023-02-21 19:13:44,A50021,603,-22.92919,-43.25388,0.0,5195943,2.0.14,32
2023-02-21 19:14:14,A50021,603,-22.92914,-43.25392,0.0,5198410,2.0.14,32
2023-02-21 19:14:44,A50021,603,-22.92889,-43.25393,3.888888888888889,5200930,2.0.14,33
2023-02-21 19:15:14,A50021,603,-22.92914,-43.25368,1.6666666666666665,5203363,2.0.14,33
2023-02-21 19:15:44,A50021,603,-22.9292,-43.25373,0.0,5205901,2.0.14,33
2023-02-21 19:16:14,A50021,603,-22.9292,-43.25373,0.0,5208384,2.0.14,33
2023-02-21 19:16:44,A50021,603,-22.9292,-43.25373,0.0,5210827,2.0.14,33
2023-02-21 19:17:14,A50021,603,-22.9292,-43.25373,0.0,5213317,2.0.14,33
2023-02-21 19:17:44,A50021,603,-22.9292,-43.25373,0.0,5215718,2.0.14,33
2023-02-21 19:18:14,A50021,603,-22.9292,-43.25373,0.0,5218216,2.0.14,33
2023-02-21 19:18:22,A50021,603,-22.9292,-43.25373,0.0,5218863,2.0.14,33
2023-02-21 19:48:22,A50021,603,-22.9292,-43.25373,0.0,5366869,2.0.14,33
2023-02-21 20:18:22,A50021,603,-22.92925,-43.25375,0.0,5511699,2.0.14,33
2023-02-21 20:48:22,A50021,603,-22.92919,-43.25368,0.0,5652806,2.0.14,33
2023-02-21 21:18:22,A50021,603,-22.92917,-43.25372,0.0,5791353,2.0.14,33
2023-02-21 21:48:22,A50021,603,-22.92917,-43.25372,0.0,5924370,2.0.14,33
2023-02-21 22:18:22,A50021,603,-22.92917,-43.25372,0.0,6049745,2.0.14,33
2023-02-21 22:30:28,A50021,603,-22.92917,-43.25372,0.0,6098832,2.0.14,33
2023-02-21 22:30:58,A50021,603,-22.92917,-43.25372,0.0,6100815,2.0.14,33
2023-02-21 22:31:28,A50021,603,-22.92917,-43.25372,0.0,6102856,2.0.14,33
2023-02-21 22:31:58,A50021,603,-22.92917,-43.25372,0.0,6104863,2.0.14,33
2023-02-21 22:32:28,A50021,603,-22.92917,-43.25372,0.0,6106838,2.0.14,33
2023-02-21 22:32:58,A50021,603,-22.92917,-43.25372,0.0,6108804,2.0.14,33
2023-02-21 22:33:28,A50021,603,-22.92917,-43.25372,0.0,6110785,2.0.14,33
2023-02-21 22:33:45,A50021,603,-22.92917,-43.25372,0.0,6111948,2.0.14,33
2023-02-21 23:03:45,A50021,603,-22.92926,-43.25369,0.0,6229124,2.0.14,33
2023-02-21 23:33:45,A50021,603,-22.92928,-43.25374,0.0,6340738,2.0.14,33
